moa,moa_cpds_dose_1,moa_cpds_dose_2,moa_cpds_dose_3,moa_cpds_dose_4,moa_cpds_dose_5,moa_cpds_dose_6,moa_size
5 alpha reductase inhibitor,dutasteride;finasteride,dutasteride;finasteride,dutasteride;finasteride,dutasteride;finasteride,dutasteride;finasteride,dutasteride;finasteride,2
acat inhibitor,avasimibe;kd-023,avasimibe;kd-023,avasimibe;kd-023,avasimibe;kd-023,avasimibe;kd-023,avasimibe;kd-023,2
acetylcholine receptor agonist,abt-202;nicotine;diphenidol;cytisine;varenicline;pilocarpine;evp-6124;levamisole,abt-202;nicotine;diphenidol;cytisine;varenicline;pilocarpine;evp-6124;levamisole,abt-202;nicotine;diphenidol;cytisine;varenicline;pilocarpine;evp-6124;levamisole,abt-202;nicotine;diphenidol;cytisine;varenicline;pilocarpine;evp-6124;levamisole,abt-202;nicotine;diphenidol;cytisine;varenicline;pilocarpine;evp-6124;levamisole,abt-202;nicotine;diphenidol;cytisine;varenicline;pilocarpine;evp-6124;levamisole,8
acetylcholine receptor antagonist,atracurium;metixene;mecamylamine;solifenacin-succinate;sulbutiamine;biperiden;rocuronium;orphenadrine;oxybutynin;scopolamine;umeclidinium;flavoxate;otilonium;glycopyrrolate;afloqualone;aclidinium;carisoprodol;pirenzepine;darifenacin;ipratropium;piperidolate,atracurium;metixene;mecamylamine;solifenacin-succinate;sulbutiamine;biperiden;rocuronium;orphenadrine;oxybutynin;scopolamine;umeclidinium;flavoxate;otilonium;glycopyrrolate;afloqualone;aclidinium;carisoprodol;pirenzepine;darifenacin;ipratropium;piperidolate,atracurium;metixene;mecamylamine;solifenacin-succinate;sulbutiamine;biperiden;rocuronium;orphenadrine;oxybutynin;scopolamine;umeclidinium;flavoxate;otilonium;glycopyrrolate;afloqualone;aclidinium;carisoprodol;pirenzepine;darifenacin;ipratropium;piperidolate,atracurium;metixene;mecamylamine;solifenacin-succinate;sulbutiamine;biperiden;rocuronium;orphenadrine;oxybutynin;scopolamine;umeclidinium;flavoxate;otilonium;glycopyrrolate;afloqualone;aclidinium;carisoprodol;pirenzepine;darifenacin;ipratropium;piperidolate,atracurium;metixene;mecamylamine;solifenacin-succinate;sulbutiamine;biperiden;rocuronium;orphenadrine;oxybutynin;scopolamine;umeclidinium;flavoxate;otilonium;glycopyrrolate;afloqualone;aclidinium;carisoprodol;pirenzepine;darifenacin;ipratropium;piperidolate,atracurium;metixene;mecamylamine;solifenacin-succinate;sulbutiamine;biperiden;rocuronium;orphenadrine;oxybutynin;scopolamine;umeclidinium;flavoxate;otilonium;glycopyrrolate;afloqualone;aclidinium;carisoprodol;pirenzepine;darifenacin;ipratropium;piperidolate,21
acetylcholinesterase inhibitor,donepezil;tacrine,donepezil;tacrine,donepezil;tacrine,donepezil;tacrine,donepezil;tacrine,donepezil;tacrine,2
adenosine receptor agonist,ib-meca;adenosine;regadenoson,ib-meca;adenosine;regadenoson,ib-meca;adenosine;regadenoson,ib-meca;adenosine;regadenoson,ib-meca;adenosine;regadenoson,ib-meca;adenosine;regadenoson,3
adenosine receptor antagonist,dpcpx;preladenant;doxofylline;theophylline,dpcpx;preladenant;doxofylline;theophylline,dpcpx;preladenant;doxofylline;theophylline,dpcpx;preladenant;doxofylline;theophylline,dpcpx;preladenant;doxofylline;theophylline,dpcpx;preladenant;doxofylline;theophylline,4
adrenergic inhibitor,guanadrel;guanethidine,guanadrel;guanethidine,guanadrel;guanethidine,guanadrel;guanethidine,guanadrel;guanethidine,guanadrel;guanethidine,2
adrenergic receptor agonist,zd-7114;bambuterol;oxymetazoline;mephentermine;levalbuterol;tizanidine;lofexidine;cgp12177;ritodrine;guanabenz;formoterol;methyldopa;lidamidine;clenbuterol;midodrine;phenylephrine;naphazoline;clonidine;indacaterol;fenoterol,zd-7114;bambuterol;oxymetazoline;mephentermine;levalbuterol;tizanidine;lofexidine;cgp12177;ritodrine;guanabenz;formoterol;methyldopa;lidamidine;clenbuterol;midodrine;phenylephrine;naphazoline;clonidine;indacaterol;fenoterol,zd-7114;bambuterol;oxymetazoline;mephentermine;levalbuterol;tizanidine;lofexidine;cgp12177;ritodrine;guanabenz;formoterol;methyldopa;lidamidine;clenbuterol;midodrine;phenylephrine;naphazoline;clonidine;indacaterol;fenoterol,zd-7114;bambuterol;oxymetazoline;mephentermine;levalbuterol;tizanidine;lofexidine;cgp12177;ritodrine;guanabenz;formoterol;methyldopa;lidamidine;clenbuterol;midodrine;phenylephrine;naphazoline;clonidine;indacaterol;fenoterol,zd-7114;bambuterol;oxymetazoline;mephentermine;levalbuterol;tizanidine;lofexidine;cgp12177;ritodrine;guanabenz;formoterol;methyldopa;lidamidine;clenbuterol;midodrine;phenylephrine;naphazoline;clonidine;indacaterol;fenoterol,zd-7114;bambuterol;oxymetazoline;mephentermine;levalbuterol;tizanidine;lofexidine;cgp12177;ritodrine;guanabenz;formoterol;methyldopa;lidamidine;clenbuterol;midodrine;phenylephrine;naphazoline;clonidine;indacaterol;fenoterol,20
adrenergic receptor antagonist,acebutolol;timolol;sotalol;levobunolol;yohimbine;setiptiline;propranolol;imiloxan;carvedilol;doxazosin;metoprolol;esmolol;labetalol;bopindolol;nebivolol;dronedarone;naftopidil;atipamezole;org-9768;reboxetine;prazosin;urapidil;moxisylyte;naftidrofuryl;atenolol;tamsulosin;nicergoline;indoramin;bisoprolol;phentolamine;talinolol,acebutolol;timolol;sotalol;levobunolol;yohimbine;setiptiline;propranolol;imiloxan;carvedilol;doxazosin;metoprolol;esmolol;labetalol;bopindolol;nebivolol;dronedarone;naftopidil;atipamezole;org-9768;reboxetine;prazosin;urapidil;moxisylyte;naftidrofuryl;atenolol;tamsulosin;nicergoline;indoramin;bisoprolol;phentolamine;talinolol,acebutolol;timolol;sotalol;levobunolol;yohimbine;setiptiline;propranolol;imiloxan;carvedilol;doxazosin;metoprolol;esmolol;labetalol;bopindolol;nebivolol;dronedarone;naftopidil;atipamezole;org-9768;reboxetine;prazosin;urapidil;moxisylyte;naftidrofuryl;atenolol;tamsulosin;nicergoline;indoramin;bisoprolol;phentolamine;talinolol,acebutolol;timolol;sotalol;levobunolol;yohimbine;setiptiline;propranolol;imiloxan;carvedilol;doxazosin;metoprolol;esmolol;labetalol;bopindolol;nebivolol;dronedarone;naftopidil;atipamezole;org-9768;reboxetine;prazosin;urapidil;moxisylyte;naftidrofuryl;atenolol;tamsulosin;nicergoline;indoramin;bisoprolol;phentolamine;talinolol,acebutolol;timolol;sotalol;levobunolol;yohimbine;setiptiline;propranolol;imiloxan;carvedilol;doxazosin;metoprolol;esmolol;labetalol;bopindolol;nebivolol;dronedarone;naftopidil;atipamezole;org-9768;reboxetine;prazosin;urapidil;moxisylyte;naftidrofuryl;atenolol;tamsulosin;nicergoline;indoramin;bisoprolol;phentolamine;talinolol,acebutolol;timolol;sotalol;levobunolol;yohimbine;setiptiline;propranolol;imiloxan;carvedilol;doxazosin;metoprolol;esmolol;labetalol;bopindolol;nebivolol;dronedarone;naftopidil;atipamezole;org-9768;reboxetine;prazosin;urapidil;moxisylyte;naftidrofuryl;atenolol;tamsulosin;nicergoline;indoramin;bisoprolol;phentolamine;talinolol,31
akt inhibitor,gsk2110183;gdc-0068;honokiol;azd5363,gsk2110183;gdc-0068;honokiol;azd5363,gsk2110183;gdc-0068;honokiol;azd5363,gsk2110183;gdc-0068;honokiol;azd5363,gsk2110183;gdc-0068;honokiol;azd5363,gsk2110183;gdc-0068;honokiol;azd5363,4
alcohol dehydrogenase inhibitor,fomepizole;n6022,fomepizole;n6022,fomepizole;n6022,fomepizole;n6022,fomepizole;n6022,fomepizole;n6022,2
aldose reductase inhibitor,fidarestat;sorbinil,fidarestat;sorbinil,fidarestat;sorbinil,fidarestat;sorbinil,fidarestat;sorbinil,fidarestat;sorbinil,2
alk tyrosine kinase receptor inhibitor,alectinib;ap26113;cep-37440,alectinib;ap26113;cep-37440,alectinib;ap26113;cep-37440,alectinib;ap26113;cep-37440,alectinib;ap26113;cep-37440,alectinib;ap26113;cep-37440,3
androgen receptor agonist,epitiostanol;testosterone;oxandrolone,epitiostanol;testosterone;oxandrolone,epitiostanol;testosterone;oxandrolone,epitiostanol;testosterone;oxandrolone,epitiostanol;testosterone;oxandrolone,epitiostanol;testosterone;oxandrolone,3
androgen receptor antagonist,bicalutamide;flutamide;eugenol;enzalutamide;ru-58841,bicalutamide;flutamide;eugenol;enzalutamide;ru-58841,bicalutamide;flutamide;eugenol;enzalutamide;ru-58841,bicalutamide;flutamide;eugenol;enzalutamide;ru-58841,bicalutamide;flutamide;eugenol;enzalutamide;ru-58841,bicalutamide;flutamide;eugenol;enzalutamide;ru-58841,5
androgen receptor modulator,ostarine;galeterone;mk-0773,ostarine;galeterone;mk-0773,ostarine;galeterone;mk-0773,ostarine;galeterone;mk-0773,ostarine;galeterone;mk-0773,ostarine;galeterone;mk-0773,3
angiogenesis inhibitor,asa-404;tranilast,asa-404;tranilast,asa-404;tranilast,asa-404;tranilast,asa-404;tranilast,asa-404;tranilast,2
angiotensin converting enzyme inhibitor,methiopril;enalapril;ore1001;zofenopril-calcium;benazepril;quinapril;lisinopril;ramipril,methiopril;enalapril;ore1001;zofenopril-calcium;benazepril;quinapril;lisinopril;ramipril,methiopril;enalapril;ore1001;zofenopril-calcium;benazepril;quinapril;lisinopril;ramipril,methiopril;enalapril;ore1001;zofenopril-calcium;benazepril;quinapril;lisinopril;ramipril,methiopril;enalapril;ore1001;zofenopril-calcium;benazepril;quinapril;lisinopril;ramipril,methiopril;enalapril;ore1001;zofenopril-calcium;benazepril;quinapril;lisinopril;ramipril,8
angiotensin receptor antagonist,valsartan;candesartan;olmesartan;telmisartan,valsartan;candesartan;olmesartan;telmisartan,valsartan;candesartan;olmesartan;telmisartan,valsartan;candesartan;olmesartan;telmisartan,valsartan;candesartan;olmesartan;telmisartan,valsartan;candesartan;olmesartan;telmisartan,4
antithyroid agent,methimazole;carbimazole,methimazole;carbimazole,methimazole;carbimazole,methimazole;carbimazole,methimazole;carbimazole,methimazole;carbimazole,2
antiviral,vidarabine;ribavirin,vidarabine;ribavirin,vidarabine;ribavirin,vidarabine;ribavirin,vidarabine;ribavirin,vidarabine;ribavirin,2
aromatase inhibitor,fadrozole;formestane;exemestane,fadrozole;formestane;exemestane,fadrozole;formestane;exemestane,fadrozole;formestane;exemestane,fadrozole;formestane;exemestane,fadrozole;formestane;exemestane,3
atp channel blocker,tolazamide;tolbutamide;chlorpropamide,tolazamide;tolbutamide;chlorpropamide,tolazamide;tolbutamide;chlorpropamide,tolazamide;tolbutamide;chlorpropamide,tolazamide;tolbutamide;chlorpropamide,tolazamide;tolbutamide;chlorpropamide,3
atpase inhibitor,omeprazole;istaroxime,omeprazole;istaroxime,omeprazole;istaroxime,omeprazole;istaroxime,omeprazole;istaroxime,omeprazole;istaroxime,2
aurora kinase inhibitor,pf-03814735;alisertib,pf-03814735;alisertib,pf-03814735;alisertib,pf-03814735;alisertib,pf-03814735;alisertib,pf-03814735;alisertib,2
bacterial 30s ribosomal subunit inhibitor,amikacin;doxycycline-hyclate;fusidic-acid;eperezolid;tobramycin,amikacin;doxycycline-hyclate;fusidic-acid;eperezolid;tobramycin,amikacin;doxycycline-hyclate;fusidic-acid;eperezolid;tobramycin,amikacin;doxycycline-hyclate;fusidic-acid;eperezolid;tobramycin,amikacin;doxycycline-hyclate;fusidic-acid;eperezolid;tobramycin,amikacin;doxycycline-hyclate;fusidic-acid;eperezolid;tobramycin,5
bacterial 50s ribosomal subunit inhibitor,josamycin;clarithromycin;roxithromycin;tedizolid;linezolid,josamycin;clarithromycin;roxithromycin;tedizolid;linezolid,josamycin;clarithromycin;roxithromycin;tedizolid;linezolid,josamycin;clarithromycin;roxithromycin;tedizolid;linezolid,josamycin;clarithromycin;roxithromycin;tedizolid;linezolid,josamycin;clarithromycin;roxithromycin;tedizolid;linezolid,5
bacterial antifolate,sulfafurazole;dapsone,sulfafurazole;dapsone,sulfafurazole;dapsone,sulfafurazole;dapsone,sulfafurazole;dapsone,sulfafurazole;dapsone,2
bacterial cell wall synthesis inhibitor,butoconazole;cefdinir;fenticonazole;cefepime;dicloxacillin;tebipenem;cefoperazone;penicillin-v-potassium;oxiconazole;fosfomycin;cefozopran;miconazole;cefotetan;etanidazole,butoconazole;cefdinir;fenticonazole;cefepime;dicloxacillin;tebipenem;cefoperazone;penicillin-v-potassium;oxiconazole;fosfomycin;cefozopran;miconazole;cefotetan;etanidazole,butoconazole;cefdinir;fenticonazole;cefepime;dicloxacillin;tebipenem;cefoperazone;penicillin-v-potassium;oxiconazole;fosfomycin;cefozopran;miconazole;cefotetan;etanidazole,butoconazole;cefdinir;fenticonazole;cefepime;dicloxacillin;tebipenem;cefoperazone;penicillin-v-potassium;oxiconazole;fosfomycin;cefozopran;miconazole;cefotetan;etanidazole,butoconazole;cefdinir;fenticonazole;cefepime;dicloxacillin;tebipenem;cefoperazone;penicillin-v-potassium;oxiconazole;fosfomycin;cefozopran;miconazole;cefotetan;etanidazole,butoconazole;cefdinir;fenticonazole;cefepime;dicloxacillin;tebipenem;cefoperazone;penicillin-v-potassium;oxiconazole;fosfomycin;cefozopran;miconazole;cefotetan;etanidazole,14
bacterial dna gyrase inhibitor,ofloxacin;sparfloxacin;levofloxacin;norfloxacin;ciprofloxacin;trovafloxacin;gemifloxacin;moxifloxacin;novobiocin;gatifloxacin;clinafloxacin,ofloxacin;sparfloxacin;levofloxacin;norfloxacin;ciprofloxacin;trovafloxacin;gemifloxacin;moxifloxacin;novobiocin;gatifloxacin;clinafloxacin,ofloxacin;sparfloxacin;levofloxacin;norfloxacin;ciprofloxacin;trovafloxacin;gemifloxacin;moxifloxacin;novobiocin;gatifloxacin;clinafloxacin,ofloxacin;sparfloxacin;levofloxacin;norfloxacin;ciprofloxacin;trovafloxacin;gemifloxacin;moxifloxacin;novobiocin;gatifloxacin;clinafloxacin,ofloxacin;sparfloxacin;levofloxacin;norfloxacin;ciprofloxacin;trovafloxacin;gemifloxacin;moxifloxacin;novobiocin;gatifloxacin;clinafloxacin,ofloxacin;sparfloxacin;levofloxacin;norfloxacin;ciprofloxacin;trovafloxacin;gemifloxacin;moxifloxacin;novobiocin;gatifloxacin;clinafloxacin,11
bcl inhibitor,gdc-0199;navitoclax,gdc-0199;navitoclax,gdc-0199;navitoclax,gdc-0199;navitoclax,gdc-0199;navitoclax,gdc-0199;navitoclax,2
bcr-abl kinase inhibitor,metatinib;flumatinib,metatinib;flumatinib,metatinib;flumatinib,metatinib;flumatinib,metatinib;flumatinib,metatinib;flumatinib,2
benzodiazepine receptor agonist,diazepam;lorazepam;zolpidem;etizolam;zaleplon,diazepam;lorazepam;zolpidem;etizolam;zaleplon,diazepam;lorazepam;zolpidem;etizolam;zaleplon,diazepam;lorazepam;zolpidem;etizolam;zaleplon,diazepam;lorazepam;zolpidem;etizolam;zaleplon,diazepam;lorazepam;zolpidem;etizolam;zaleplon,5
beta lactamase inhibitor,tazobactam;sulbactam,tazobactam;sulbactam,tazobactam;sulbactam,tazobactam;sulbactam,tazobactam;sulbactam,tazobactam;sulbactam,2
beta-secretase inhibitor,ly2886721;ly2811376,ly2886721;ly2811376,ly2886721;ly2811376,ly2886721;ly2811376,ly2886721;ly2811376,ly2886721;ly2811376,2
bruton's tyrosine kinase (btk) inhibitor,gdc-0834;avl-292,gdc-0834;avl-292,gdc-0834;avl-292,gdc-0834;avl-292,gdc-0834;avl-292,gdc-0834;avl-292,2
calcineurin inhibitor,cyclosporin-a;pimecrolimus;tacrolimus,cyclosporin-a;pimecrolimus;tacrolimus,cyclosporin-a;pimecrolimus;tacrolimus,cyclosporin-a;pimecrolimus;tacrolimus,cyclosporin-a;pimecrolimus;tacrolimus,cyclosporin-a;pimecrolimus;tacrolimus,3
calcitonin antagonist,bms-927711;mk-3207;telcagepant,bms-927711;mk-3207;telcagepant,bms-927711;mk-3207;telcagepant,bms-927711;mk-3207;telcagepant,bms-927711;mk-3207;telcagepant,bms-927711;mk-3207;telcagepant,3
calcium channel blocker,nicardipine;nitrendipine;amlodipine;verapamil;felodipine;cinnarizine;sr-33805;nimodipine;gabapentin;lomerizine;lidoflazine;levetiracetam;dantrolene;diltiazem;isradipine,nicardipine;nitrendipine;amlodipine;verapamil;felodipine;cinnarizine;sr-33805;nimodipine;gabapentin;lomerizine;lidoflazine;levetiracetam;dantrolene;diltiazem;isradipine,nicardipine;nitrendipine;amlodipine;verapamil;felodipine;cinnarizine;sr-33805;nimodipine;gabapentin;lomerizine;lidoflazine;levetiracetam;dantrolene;diltiazem;isradipine,nicardipine;nitrendipine;amlodipine;verapamil;felodipine;cinnarizine;sr-33805;nimodipine;gabapentin;lomerizine;lidoflazine;levetiracetam;dantrolene;diltiazem;isradipine,nicardipine;nitrendipine;amlodipine;verapamil;felodipine;cinnarizine;sr-33805;nimodipine;gabapentin;lomerizine;lidoflazine;levetiracetam;dantrolene;diltiazem;isradipine,nicardipine;nitrendipine;amlodipine;verapamil;felodipine;cinnarizine;sr-33805;nimodipine;gabapentin;lomerizine;lidoflazine;levetiracetam;dantrolene;diltiazem;isradipine,15
calmodulin antagonist,zaldaride;dexniguldipine,zaldaride;dexniguldipine,zaldaride;dexniguldipine,zaldaride;dexniguldipine,zaldaride;dexniguldipine,zaldaride;dexniguldipine,2
cannabinoid receptor agonist,gw842166;anandamide;palmitoylethanolamide,gw842166;anandamide;palmitoylethanolamide,gw842166;anandamide;palmitoylethanolamide,gw842166;anandamide;palmitoylethanolamide,gw842166;anandamide;palmitoylethanolamide,gw842166;anandamide;palmitoylethanolamide,3
cannabinoid receptor antagonist,"cp-945,598;rimonabant","cp-945,598;rimonabant","cp-945,598;rimonabant","cp-945,598;rimonabant","cp-945,598;rimonabant","cp-945,598;rimonabant",2
carbonic anhydrase inhibitor,benzthiazide;methazolamide;acetazolamide;metolazone;dorzolamide,benzthiazide;methazolamide;acetazolamide;metolazone;dorzolamide,benzthiazide;methazolamide;acetazolamide;metolazone;dorzolamide,benzthiazide;methazolamide;acetazolamide;metolazone;dorzolamide,benzthiazide;methazolamide;acetazolamide;metolazone;dorzolamide,benzthiazide;methazolamide;acetazolamide;metolazone;dorzolamide,5
carnitine palmitoyltransferase inhibitor,etomoxir;perhexiline,etomoxir;perhexiline,etomoxir;perhexiline,etomoxir;perhexiline,etomoxir;perhexiline,etomoxir;perhexiline,2
cathepsin inhibitor,odanacatib;balicatib,odanacatib;balicatib,odanacatib;balicatib,odanacatib;balicatib,odanacatib;balicatib,odanacatib;balicatib,2
cc chemokine receptor antagonist,mk-0812;maraviroc;amd11070;reparixin;vicriviroc;zk811752;pf-04136309,mk-0812;maraviroc;amd11070;reparixin;vicriviroc;zk811752;pf-04136309,mk-0812;maraviroc;amd11070;reparixin;vicriviroc;zk811752;pf-04136309,mk-0812;maraviroc;amd11070;reparixin;vicriviroc;zk811752;pf-04136309,mk-0812;maraviroc;amd11070;reparixin;vicriviroc;zk811752;pf-04136309,mk-0812;maraviroc;amd11070;reparixin;vicriviroc;zk811752;pf-04136309,7
cck receptor antagonist,lorglumide;dexloxiglumide;proglumide,lorglumide;dexloxiglumide;proglumide,lorglumide;dexloxiglumide;proglumide,lorglumide;dexloxiglumide;proglumide,lorglumide;dexloxiglumide;proglumide,lorglumide;dexloxiglumide;proglumide,3
cdk inhibitor,dinaciclib;roscovitine;palbociclib;r547;alvocidib,dinaciclib;roscovitine;palbociclib;r547;alvocidib,dinaciclib;roscovitine;palbociclib;r547;alvocidib,dinaciclib;roscovitine;palbociclib;r547;alvocidib,dinaciclib;roscovitine;palbociclib;r547;alvocidib,dinaciclib;roscovitine;palbociclib;r547;alvocidib,5
cftr channel agonist,vx-809;vx-661,vx-809;vx-661,vx-809;vx-661,vx-809;vx-661,vx-809;vx-661,vx-809;vx-661,2
chelating agent,clioquinol;deferiprone;picolinic-acid;deferasirox,clioquinol;deferiprone;picolinic-acid;deferasirox,clioquinol;deferiprone;picolinic-acid;deferasirox,clioquinol;deferiprone;picolinic-acid;deferasirox,clioquinol;deferiprone;picolinic-acid;deferasirox,clioquinol;deferiprone;picolinic-acid;deferasirox,4
cholesterol inhibitor,acifran;acipimox;ursodeoxycholyltaurine,acifran;acipimox;ursodeoxycholyltaurine,acifran;acipimox;ursodeoxycholyltaurine,acifran;acipimox;ursodeoxycholyltaurine,acifran;acipimox;ursodeoxycholyltaurine,acifran;acipimox;ursodeoxycholyltaurine,3
coagulation factor inhibitor,edoxaban;apixaban;rivaroxaban;otamixaban,edoxaban;apixaban;rivaroxaban;otamixaban,edoxaban;apixaban;rivaroxaban;otamixaban,edoxaban;apixaban;rivaroxaban;otamixaban,edoxaban;apixaban;rivaroxaban;otamixaban,edoxaban;apixaban;rivaroxaban;otamixaban,4
cyclooxygenase inhibitor,oxaprozin;carprofen;ibuprofen;suprofen;diclofenac;aspirin;valdecoxib;nepafenac;celecoxib;ketorolac;epirizole;balsalazide;paracetamol;piroxicam;naproxen;etoricoxib;meloxicam;phenazone;piketoprofen;aminosalicylic-acid;amtolmetin-guacil;nimesulide;etodolac;nefopam;tenidap;felbinac;ketoprofen,oxaprozin;carprofen;ibuprofen;suprofen;diclofenac;aspirin;valdecoxib;nepafenac;celecoxib;ketorolac;epirizole;balsalazide;paracetamol;piroxicam;naproxen;etoricoxib;meloxicam;phenazone;piketoprofen;aminosalicylic-acid;amtolmetin-guacil;nimesulide;etodolac;nefopam;tenidap;felbinac;ketoprofen,oxaprozin;carprofen;ibuprofen;suprofen;diclofenac;aspirin;valdecoxib;nepafenac;celecoxib;ketorolac;epirizole;balsalazide;paracetamol;piroxicam;naproxen;etoricoxib;meloxicam;phenazone;piketoprofen;aminosalicylic-acid;amtolmetin-guacil;nimesulide;etodolac;nefopam;tenidap;felbinac;ketoprofen,oxaprozin;carprofen;ibuprofen;suprofen;diclofenac;aspirin;valdecoxib;nepafenac;celecoxib;ketorolac;epirizole;balsalazide;paracetamol;piroxicam;naproxen;etoricoxib;meloxicam;phenazone;piketoprofen;aminosalicylic-acid;amtolmetin-guacil;nimesulide;etodolac;nefopam;tenidap;felbinac;ketoprofen,oxaprozin;carprofen;ibuprofen;suprofen;diclofenac;aspirin;valdecoxib;nepafenac;celecoxib;ketorolac;epirizole;balsalazide;paracetamol;piroxicam;naproxen;etoricoxib;meloxicam;phenazone;piketoprofen;aminosalicylic-acid;amtolmetin-guacil;nimesulide;etodolac;nefopam;tenidap;felbinac;ketoprofen,oxaprozin;carprofen;ibuprofen;suprofen;diclofenac;aspirin;valdecoxib;nepafenac;celecoxib;ketorolac;epirizole;balsalazide;paracetamol;piroxicam;naproxen;etoricoxib;meloxicam;phenazone;piketoprofen;aminosalicylic-acid;amtolmetin-guacil;nimesulide;etodolac;nefopam;tenidap;felbinac;ketoprofen,27
cyclooxygenase inhibitor|prostanoid receptor antagonist,phenylbutazone;loxoprofen;indoprofen;meclofenamic-acid,phenylbutazone;loxoprofen;indoprofen;meclofenamic-acid,phenylbutazone;loxoprofen;indoprofen;meclofenamic-acid,phenylbutazone;loxoprofen;indoprofen;meclofenamic-acid,phenylbutazone;loxoprofen;indoprofen;meclofenamic-acid,phenylbutazone;loxoprofen;indoprofen;meclofenamic-acid,4
cytochrome p450 inhibitor,voriconazole;vt-464,voriconazole;vt-464,voriconazole;vt-464,voriconazole;vt-464,voriconazole;vt-464,voriconazole;vt-464,2
diacylglycerol o acyltransferase inhibitor,pf-04620110;azd7687,pf-04620110;azd7687,pf-04620110;azd7687,pf-04620110;azd7687,pf-04620110;azd7687,pf-04620110;azd7687,2
dihydrofolate reductase inhibitor,proguanil;trimethoprim,proguanil;trimethoprim,proguanil;trimethoprim,proguanil;trimethoprim,proguanil;trimethoprim,proguanil;trimethoprim,2
dihydroorotate dehydrogenase inhibitor,sc-12267;brequinar,sc-12267;brequinar,sc-12267;brequinar,sc-12267;brequinar,sc-12267;brequinar,sc-12267;brequinar,2
dipeptidyl peptidase inhibitor,teneligliptin;saxagliptin;nvp-dpp728,teneligliptin;saxagliptin;nvp-dpp728,teneligliptin;saxagliptin;nvp-dpp728,teneligliptin;saxagliptin;nvp-dpp728,teneligliptin;saxagliptin;nvp-dpp728,teneligliptin;saxagliptin;nvp-dpp728,3
diuretic,chlortalidone;pyrazinoylguanidine,chlortalidone;pyrazinoylguanidine,chlortalidone;pyrazinoylguanidine,chlortalidone;pyrazinoylguanidine,chlortalidone;pyrazinoylguanidine,chlortalidone;pyrazinoylguanidine,2
dna alkylating agent,dacarbazine;ifosfamide,dacarbazine;ifosfamide,dacarbazine;ifosfamide,dacarbazine;ifosfamide,dacarbazine;ifosfamide,dacarbazine;ifosfamide,2
dna alkylating drug,temozolomide;estramustine,temozolomide;estramustine,temozolomide;estramustine,temozolomide;estramustine,temozolomide;estramustine,temozolomide;estramustine,2
dna directed dna polymerase inhibitor,brivudine;edoxudine,brivudine;edoxudine,brivudine;edoxudine,brivudine;edoxudine,brivudine;edoxudine,brivudine;edoxudine,2
dna inhibitor,pibenzimol;bendamustine;chlorambucil;teroxirone;cordycepin,pibenzimol;bendamustine;chlorambucil;teroxirone;cordycepin,pibenzimol;bendamustine;chlorambucil;teroxirone;cordycepin,pibenzimol;bendamustine;chlorambucil;teroxirone;cordycepin,pibenzimol;bendamustine;chlorambucil;teroxirone;cordycepin,pibenzimol;bendamustine;chlorambucil;teroxirone;cordycepin,5
dna methyltransferase inhibitor,fdcyd;azacitidine;decitabine,fdcyd;azacitidine;decitabine,fdcyd;azacitidine;decitabine,fdcyd;azacitidine;decitabine,fdcyd;azacitidine;decitabine,fdcyd;azacitidine;decitabine,3
dna polymerase inhibitor,telbivudine;famciclovir;torcitabine,telbivudine;famciclovir;torcitabine,telbivudine;famciclovir;torcitabine,telbivudine;famciclovir;torcitabine,telbivudine;famciclovir;torcitabine,telbivudine;famciclovir;torcitabine,3
dna synthesis inhibitor,artesunate;fiacitabine;cb-10-277-(free-acid);altretamine;methoxsalen;idoxuridin;floxuridine,artesunate;fiacitabine;cb-10-277-(free-acid);altretamine;methoxsalen;idoxuridin;floxuridine,artesunate;fiacitabine;cb-10-277-(free-acid);altretamine;methoxsalen;idoxuridin;floxuridine,artesunate;fiacitabine;cb-10-277-(free-acid);altretamine;methoxsalen;idoxuridin;floxuridine,artesunate;fiacitabine;cb-10-277-(free-acid);altretamine;methoxsalen;idoxuridin;floxuridine,artesunate;fiacitabine;cb-10-277-(free-acid);altretamine;methoxsalen;idoxuridin;floxuridine,7
dopamine receptor agonist,ropinirole;pramipexole;dopamine;abt-724;bromocriptine;piribedil;cabergoline;mesulergine;rotigotine,ropinirole;pramipexole;dopamine;abt-724;bromocriptine;piribedil;cabergoline;mesulergine;rotigotine,ropinirole;pramipexole;dopamine;abt-724;bromocriptine;piribedil;cabergoline;mesulergine;rotigotine,ropinirole;pramipexole;dopamine;abt-724;bromocriptine;piribedil;cabergoline;mesulergine;rotigotine,ropinirole;pramipexole;dopamine;abt-724;bromocriptine;piribedil;cabergoline;mesulergine;rotigotine,ropinirole;pramipexole;dopamine;abt-724;bromocriptine;piribedil;cabergoline;mesulergine;rotigotine,9
dopamine receptor antagonist,prochlorperazine;isofloxythepin;raclopride;alizapride;pimozide;cariprazine;tiapride;fluphenazine;molindone;triflupromazine;haloperidol;thioridazine;nemonapride;fluspirilene;oxiperomide;chlorpromazine;droperidol;thiothixene;itopride,prochlorperazine;isofloxythepin;raclopride;alizapride;pimozide;cariprazine;tiapride;fluphenazine;molindone;triflupromazine;haloperidol;thioridazine;nemonapride;fluspirilene;oxiperomide;chlorpromazine;droperidol;thiothixene;itopride,prochlorperazine;isofloxythepin;raclopride;alizapride;pimozide;cariprazine;tiapride;fluphenazine;molindone;triflupromazine;haloperidol;thioridazine;nemonapride;fluspirilene;oxiperomide;chlorpromazine;droperidol;thiothixene;itopride,prochlorperazine;isofloxythepin;raclopride;alizapride;pimozide;cariprazine;tiapride;fluphenazine;molindone;triflupromazine;haloperidol;thioridazine;nemonapride;fluspirilene;oxiperomide;chlorpromazine;droperidol;thiothixene;itopride,prochlorperazine;isofloxythepin;raclopride;alizapride;pimozide;cariprazine;tiapride;fluphenazine;molindone;triflupromazine;haloperidol;thioridazine;nemonapride;fluspirilene;oxiperomide;chlorpromazine;droperidol;thiothixene;itopride,prochlorperazine;isofloxythepin;raclopride;alizapride;pimozide;cariprazine;tiapride;fluphenazine;molindone;triflupromazine;haloperidol;thioridazine;nemonapride;fluspirilene;oxiperomide;chlorpromazine;droperidol;thiothixene;itopride,19
dopamine receptor antagonist|serotonin receptor antagonist,blonanserin;ziprasidone;lurasidone;risperidone;quetiapine;sertindole;metoclopramide;melperone;asenapine,blonanserin;ziprasidone;lurasidone;risperidone;quetiapine;sertindole;metoclopramide;melperone;asenapine,blonanserin;ziprasidone;lurasidone;risperidone;quetiapine;sertindole;metoclopramide;melperone;asenapine,blonanserin;ziprasidone;lurasidone;risperidone;quetiapine;sertindole;metoclopramide;melperone;asenapine,blonanserin;ziprasidone;lurasidone;risperidone;quetiapine;sertindole;metoclopramide;melperone;asenapine,blonanserin;ziprasidone;lurasidone;risperidone;quetiapine;sertindole;metoclopramide;melperone;asenapine,9
dopamine reuptake inhibitor,diclofensine;bts-54505,diclofensine;bts-54505,diclofensine;bts-54505,diclofensine;bts-54505,diclofensine;bts-54505,diclofensine;bts-54505,2
dopamine uptake inhibitor,vanoxerine;bupropion,vanoxerine;bupropion,vanoxerine;bupropion,vanoxerine;bupropion,vanoxerine;bupropion,vanoxerine;bupropion,2
egfr inhibitor,pd153035;pelitinib;rociletinib;dacomitinib;arry-334543;canertinib;gefitinib;afatinib;tak-285;neratinib;erlotinib;tyrphostin-1;azd8931,pd153035;pelitinib;rociletinib;dacomitinib;arry-334543;canertinib;gefitinib;afatinib;tak-285;neratinib;erlotinib;tyrphostin-1;azd8931,pd153035;pelitinib;rociletinib;dacomitinib;arry-334543;canertinib;gefitinib;afatinib;tak-285;neratinib;erlotinib;tyrphostin-1;azd8931,pd153035;pelitinib;rociletinib;dacomitinib;arry-334543;canertinib;gefitinib;afatinib;tak-285;neratinib;erlotinib;tyrphostin-1;azd8931,pd153035;pelitinib;rociletinib;dacomitinib;arry-334543;canertinib;gefitinib;afatinib;tak-285;neratinib;erlotinib;tyrphostin-1;azd8931,pd153035;pelitinib;rociletinib;dacomitinib;arry-334543;canertinib;gefitinib;afatinib;tak-285;neratinib;erlotinib;tyrphostin-1;azd8931,13
elastase inhibitor,azd9668;dmp-777,azd9668;dmp-777,azd9668;dmp-777,azd9668;dmp-777,azd9668;dmp-777,azd9668;dmp-777,2
endothelin receptor antagonist,atrasentan;ambrisentan;macitentan;bosentan,atrasentan;ambrisentan;macitentan;bosentan,atrasentan;ambrisentan;macitentan;bosentan,atrasentan;ambrisentan;macitentan;bosentan,atrasentan;ambrisentan;macitentan;bosentan,atrasentan;ambrisentan;macitentan;bosentan,4
estrogen receptor agonist,estriol;mestranol;equol;mf-101;diethylstilbestrol;erteberel,estriol;mestranol;equol;mf-101;diethylstilbestrol;erteberel,estriol;mestranol;equol;mf-101;diethylstilbestrol;erteberel,estriol;mestranol;equol;mf-101;diethylstilbestrol;erteberel,estriol;mestranol;equol;mf-101;diethylstilbestrol;erteberel,estriol;mestranol;equol;mf-101;diethylstilbestrol;erteberel,6
estrogen receptor antagonist,clomifene;fulvestrant,clomifene;fulvestrant,clomifene;fulvestrant,clomifene;fulvestrant,clomifene;fulvestrant,clomifene;fulvestrant,2
estrogen receptor antagonist|selective estrogen receptor modulator (serm),raloxifene;tamoxifen,raloxifene;tamoxifen,raloxifene;tamoxifen,raloxifene;tamoxifen,raloxifene;tamoxifen,raloxifene;tamoxifen,2
farnesyltransferase inhibitor,lonafarnib;arglabin,lonafarnib;arglabin,lonafarnib;arglabin,lonafarnib;arglabin,lonafarnib;arglabin,lonafarnib;arglabin,2
fatty acid synthase inhibitor,pyrazinamide;cianidanol,pyrazinamide;cianidanol,pyrazinamide;cianidanol,pyrazinamide;cianidanol,pyrazinamide;cianidanol,pyrazinamide;cianidanol,2
fgfr inhibitor|vegfr inhibitor,lucitanib;brivanib;mk-2461,lucitanib;brivanib;mk-2461,lucitanib;brivanib;mk-2461,lucitanib;brivanib;mk-2461,lucitanib;brivanib;mk-2461,lucitanib;brivanib;mk-2461,3
free radical scavenger,rebamipide;l-ergothioneine;nxy-059;nicaraven,rebamipide;l-ergothioneine;nxy-059;nicaraven,rebamipide;l-ergothioneine;nxy-059;nicaraven,rebamipide;l-ergothioneine;nxy-059;nicaraven,rebamipide;l-ergothioneine;nxy-059;nicaraven,rebamipide;l-ergothioneine;nxy-059;nicaraven,4
fungal squalene epoxidase inhibitor,liranaftate;tolnaftate;terbinafine,liranaftate;tolnaftate;terbinafine,liranaftate;tolnaftate;terbinafine,liranaftate;tolnaftate;terbinafine,liranaftate;tolnaftate;terbinafine,liranaftate;tolnaftate;terbinafine,3
gaba receptor agonist,ivermectin;temazepam,ivermectin;temazepam,ivermectin;temazepam,ivermectin;temazepam,ivermectin;temazepam,ivermectin;temazepam,2
gaba receptor antagonist,thiocolchicoside;primidone,thiocolchicoside;primidone,thiocolchicoside;primidone,thiocolchicoside;primidone,thiocolchicoside;primidone,thiocolchicoside;primidone,2
gaba receptor modulator,ganaxolone;tracazolate;etomidate;chlormezanone,ganaxolone;tracazolate;etomidate;chlormezanone,ganaxolone;tracazolate;etomidate;chlormezanone,ganaxolone;tracazolate;etomidate;chlormezanone,ganaxolone;tracazolate;etomidate;chlormezanone,ganaxolone;tracazolate;etomidate;chlormezanone,4
gamma secretase inhibitor,mk-0752;rg4733;pf-03084014;avagacestat;pinitol;semagacestat,mk-0752;rg4733;pf-03084014;avagacestat;pinitol;semagacestat,mk-0752;rg4733;pf-03084014;avagacestat;pinitol;semagacestat,mk-0752;rg4733;pf-03084014;avagacestat;pinitol;semagacestat,mk-0752;rg4733;pf-03084014;avagacestat;pinitol;semagacestat,mk-0752;rg4733;pf-03084014;avagacestat;pinitol;semagacestat,6
glucocorticoid receptor agonist,clobetasol;rimexolone;ciclesonide;medrysone;fluorometholone;fluocinonide;triamcinolone;methylprednisolone;dexamethasone;prednisone;fluticasone;fludroxycortide;hydrocortisone;halcinonide,clobetasol;rimexolone;ciclesonide;medrysone;fluorometholone;fluocinonide;triamcinolone;methylprednisolone;dexamethasone;prednisone;fluticasone;fludroxycortide;hydrocortisone;halcinonide,clobetasol;rimexolone;ciclesonide;medrysone;fluorometholone;fluocinonide;triamcinolone;methylprednisolone;dexamethasone;prednisone;fluticasone;fludroxycortide;hydrocortisone;halcinonide,clobetasol;rimexolone;ciclesonide;medrysone;fluorometholone;fluocinonide;triamcinolone;methylprednisolone;dexamethasone;prednisone;fluticasone;fludroxycortide;hydrocortisone;halcinonide,clobetasol;rimexolone;ciclesonide;medrysone;fluorometholone;fluocinonide;triamcinolone;methylprednisolone;dexamethasone;prednisone;fluticasone;fludroxycortide;hydrocortisone;halcinonide,clobetasol;rimexolone;ciclesonide;medrysone;fluorometholone;fluocinonide;triamcinolone;methylprednisolone;dexamethasone;prednisone;fluticasone;fludroxycortide;hydrocortisone;halcinonide,14
"glucose-dependent insulinotropic receptor (gdir, gpr119) agonists",apd668;gsk1292263,apd668;gsk1292263,apd668;gsk1292263,apd668;gsk1292263,apd668;gsk1292263,apd668;gsk1292263,2
glucosidase inhibitor,acarbose;voglibose;miglitol,acarbose;voglibose;miglitol,acarbose;voglibose;miglitol,acarbose;voglibose;miglitol,acarbose;voglibose;miglitol,acarbose;voglibose;miglitol,3
glutamate receptor agonist,bci-540;ampalex;d-serine;aniracetam,bci-540;ampalex;d-serine;aniracetam,bci-540;ampalex;d-serine;aniracetam,bci-540;ampalex;d-serine;aniracetam,bci-540;ampalex;d-serine;aniracetam,bci-540;ampalex;d-serine;aniracetam,4
glutamate receptor antagonist,budipine;ly215490;fenobam;basimglurant;amantadine,budipine;ly215490;fenobam;basimglurant;amantadine,budipine;ly215490;fenobam;basimglurant;amantadine,budipine;ly215490;fenobam;basimglurant;amantadine,budipine;ly215490;fenobam;basimglurant;amantadine,budipine;ly215490;fenobam;basimglurant;amantadine,5
glutamate receptor modulator,cx516;s18986;mibampator,cx516;s18986;mibampator,cx516;s18986;mibampator,cx516;s18986;mibampator,cx516;s18986;mibampator,cx516;s18986;mibampator,3
gonadotropin releasing factor hormone receptor agonist,triptorelin;goserelin-acetate,triptorelin;goserelin-acetate,triptorelin;goserelin-acetate,triptorelin;goserelin-acetate,triptorelin;goserelin-acetate,triptorelin;goserelin-acetate,2
growth hormone secretagogue receptor agonist,anamorelin;ibutamoren,anamorelin;ibutamoren,anamorelin;ibutamoren,anamorelin;ibutamoren,anamorelin;ibutamoren,anamorelin;ibutamoren,2
hcv inhibitor,grazoprevir;ledipasvir;dasabuvir;narlaprevir;simeprevir;mericitabine;vx-222,grazoprevir;ledipasvir;dasabuvir;narlaprevir;simeprevir;mericitabine;vx-222,grazoprevir;ledipasvir;dasabuvir;narlaprevir;simeprevir;mericitabine;vx-222,grazoprevir;ledipasvir;dasabuvir;narlaprevir;simeprevir;mericitabine;vx-222,grazoprevir;ledipasvir;dasabuvir;narlaprevir;simeprevir;mericitabine;vx-222,grazoprevir;ledipasvir;dasabuvir;narlaprevir;simeprevir;mericitabine;vx-222,7
hdac inhibitor,belinostat;resminostat;rg2833;valproic-acid;dacinostat;romidepsin;tacedinaline;acy-1215;sb-939;entinostat;phenylbutyrate,belinostat;resminostat;rg2833;valproic-acid;dacinostat;romidepsin;tacedinaline;acy-1215;sb-939;entinostat;phenylbutyrate,belinostat;resminostat;rg2833;valproic-acid;dacinostat;romidepsin;tacedinaline;acy-1215;sb-939;entinostat;phenylbutyrate,belinostat;resminostat;rg2833;valproic-acid;dacinostat;romidepsin;tacedinaline;acy-1215;sb-939;entinostat;phenylbutyrate,belinostat;resminostat;rg2833;valproic-acid;dacinostat;romidepsin;tacedinaline;acy-1215;sb-939;entinostat;phenylbutyrate,belinostat;resminostat;rg2833;valproic-acid;dacinostat;romidepsin;tacedinaline;acy-1215;sb-939;entinostat;phenylbutyrate,11
histamine receptor agonist,histamine;lidocaine,histamine;lidocaine,histamine;lidocaine,histamine;lidocaine,histamine;lidocaine,histamine;lidocaine,2
histamine receptor antagonist,cyproheptadine;levocabastine;abt-239;levocetirizine;ici-162846;cimetidine;emedastine;chlorphenamine;famotidine;oxatomide;doxepin;levomequitazine;acrivastine;lodoxamide;lafutidine;tecastemizole;loratadine;fexofenadine;azelastine;ranitidine;bavisant;bepotastine;epinastine;mepyramine,cyproheptadine;levocabastine;abt-239;levocetirizine;ici-162846;cimetidine;emedastine;chlorphenamine;famotidine;oxatomide;doxepin;levomequitazine;acrivastine;lodoxamide;lafutidine;tecastemizole;loratadine;fexofenadine;azelastine;ranitidine;bavisant;bepotastine;epinastine;mepyramine,cyproheptadine;levocabastine;abt-239;levocetirizine;ici-162846;cimetidine;emedastine;chlorphenamine;famotidine;oxatomide;doxepin;levomequitazine;acrivastine;lodoxamide;lafutidine;tecastemizole;loratadine;fexofenadine;azelastine;ranitidine;bavisant;bepotastine;epinastine;mepyramine,cyproheptadine;levocabastine;abt-239;levocetirizine;ici-162846;cimetidine;emedastine;chlorphenamine;famotidine;oxatomide;doxepin;levomequitazine;acrivastine;lodoxamide;lafutidine;tecastemizole;loratadine;fexofenadine;azelastine;ranitidine;bavisant;bepotastine;epinastine;mepyramine,cyproheptadine;levocabastine;abt-239;levocetirizine;ici-162846;cimetidine;emedastine;chlorphenamine;famotidine;oxatomide;doxepin;levomequitazine;acrivastine;lodoxamide;lafutidine;tecastemizole;loratadine;fexofenadine;azelastine;ranitidine;bavisant;bepotastine;epinastine;mepyramine,cyproheptadine;levocabastine;abt-239;levocetirizine;ici-162846;cimetidine;emedastine;chlorphenamine;famotidine;oxatomide;doxepin;levomequitazine;acrivastine;lodoxamide;lafutidine;tecastemizole;loratadine;fexofenadine;azelastine;ranitidine;bavisant;bepotastine;epinastine;mepyramine,24
histamine receptor modulator,amlexanox;cyclizine,amlexanox;cyclizine,amlexanox;cyclizine,amlexanox;cyclizine,amlexanox;cyclizine,amlexanox;cyclizine,2
hiv integrase inhibitor,dolutegravir;raltegravir;bms-707035,dolutegravir;raltegravir;bms-707035,dolutegravir;raltegravir;bms-707035,dolutegravir;raltegravir;bms-707035,dolutegravir;raltegravir;bms-707035,dolutegravir;raltegravir;bms-707035,3
hiv protease inhibitor,saquinavir;indinavir;efavirenz;darunavir;lopinavir,saquinavir;indinavir;efavirenz;darunavir;lopinavir,saquinavir;indinavir;efavirenz;darunavir;lopinavir,saquinavir;indinavir;efavirenz;darunavir;lopinavir,saquinavir;indinavir;efavirenz;darunavir;lopinavir,saquinavir;indinavir;efavirenz;darunavir;lopinavir,5
hmgcr inhibitor,simvastatin;pravastatin;rosuvastatin;pitavastatin;atorvastatin,simvastatin;pravastatin;rosuvastatin;pitavastatin;atorvastatin,simvastatin;pravastatin;rosuvastatin;pitavastatin;atorvastatin,simvastatin;pravastatin;rosuvastatin;pitavastatin;atorvastatin,simvastatin;pravastatin;rosuvastatin;pitavastatin;atorvastatin,simvastatin;pravastatin;rosuvastatin;pitavastatin;atorvastatin,5
hsp inhibitor,alvespimycin;xl888;kw-2478;snx-2112,alvespimycin;xl888;kw-2478;snx-2112,alvespimycin;xl888;kw-2478;snx-2112,alvespimycin;xl888;kw-2478;snx-2112,alvespimycin;xl888;kw-2478;snx-2112,alvespimycin;xl888;kw-2478;snx-2112,4
immunostimulant,metenkephalin;nikethamide,metenkephalin;nikethamide,metenkephalin;nikethamide,metenkephalin;nikethamide,metenkephalin;nikethamide,metenkephalin;nikethamide,2
immunosuppressant,cromoglicic-acid;lobenzarit,cromoglicic-acid;lobenzarit,cromoglicic-acid;lobenzarit,cromoglicic-acid;lobenzarit,cromoglicic-acid;lobenzarit,cromoglicic-acid;lobenzarit,2
inosine monophosphate dehydrogenase inhibitor,merimepodib;avn-944,merimepodib;avn-944,merimepodib;avn-944,merimepodib;avn-944,merimepodib;avn-944,merimepodib;avn-944,2
insulin secretagogue,glimepiride;nateglinide;tak-875;repaglinide,glimepiride;nateglinide;tak-875;repaglinide,glimepiride;nateglinide;tak-875;repaglinide,glimepiride;nateglinide;tak-875;repaglinide,glimepiride;nateglinide;tak-875;repaglinide,glimepiride;nateglinide;tak-875;repaglinide,4
insulin sensitizer,inositol;metformin,inositol;metformin,inositol;metformin,inositol;metformin,inositol;metformin,inositol;metformin,2
integrin antagonist,firategrast;sb-683698;atn-161;ct-7758;cilengitide,firategrast;sb-683698;atn-161;ct-7758;cilengitide,firategrast;sb-683698;atn-161;ct-7758;cilengitide,firategrast;sb-683698;atn-161;ct-7758;cilengitide,firategrast;sb-683698;atn-161;ct-7758;cilengitide,firategrast;sb-683698;atn-161;ct-7758;cilengitide,5
isocitrate dehydrogenase inhibitor,agi-6780;agi-5198,agi-6780;agi-5198,agi-6780;agi-5198,agi-6780;agi-5198,agi-6780;agi-5198,agi-6780;agi-5198,2
jak inhibitor,filgotinib;tofacitinib;ly2784544;azd1480,filgotinib;tofacitinib;ly2784544;azd1480,filgotinib;tofacitinib;ly2784544;azd1480,filgotinib;tofacitinib;ly2784544;azd1480,filgotinib;tofacitinib;ly2784544;azd1480,filgotinib;tofacitinib;ly2784544;azd1480,4
jnk inhibitor,cc-401;cc-930,cc-401;cc-930,cc-401;cc-930,cc-401;cc-930,cc-401;cc-930,cc-401;cc-930,2
leukotriene receptor antagonist,sr-2640;zafirlukast;pranlukast,sr-2640;zafirlukast;pranlukast,sr-2640;zafirlukast;pranlukast,sr-2640;zafirlukast;pranlukast,sr-2640;zafirlukast;pranlukast,sr-2640;zafirlukast;pranlukast,3
lipase inhibitor,oxybenzone;orlistat,oxybenzone;orlistat,oxybenzone;orlistat,oxybenzone;orlistat,oxybenzone;orlistat,oxybenzone;orlistat,2
lipoxygenase inhibitor,am-24;diethylcarbamazine;masoprocol,am-24;diethylcarbamazine;masoprocol,am-24;diethylcarbamazine;masoprocol,am-24;diethylcarbamazine;masoprocol,am-24;diethylcarbamazine;masoprocol,am-24;diethylcarbamazine;masoprocol,3
matrix metalloprotease inhibitor,batimastat;marimastat;ilomastat,batimastat;marimastat;ilomastat,batimastat;marimastat;ilomastat,batimastat;marimastat;ilomastat,batimastat;marimastat;ilomastat,batimastat;marimastat;ilomastat,3
mdm inhibitor,nutlin-3;rg-7388;amg-232,nutlin-3;rg-7388;amg-232,nutlin-3;rg-7388;amg-232,nutlin-3;rg-7388;amg-232,nutlin-3;rg-7388;amg-232,nutlin-3;rg-7388;amg-232,3
mek inhibitor,tak-733;cobimetinib;selumetinib;ro-4987655;refametinib;mek162,tak-733;cobimetinib;selumetinib;ro-4987655;refametinib;mek162,tak-733;cobimetinib;selumetinib;ro-4987655;refametinib;mek162,tak-733;cobimetinib;selumetinib;ro-4987655;refametinib;mek162,tak-733;cobimetinib;selumetinib;ro-4987655;refametinib;mek162,tak-733;cobimetinib;selumetinib;ro-4987655;refametinib;mek162,6
membrane permeability inhibitor,exalamide;agp-103,exalamide;agp-103,exalamide;agp-103,exalamide;agp-103,exalamide;agp-103,exalamide;agp-103,2
microtubule inhibitor,cabazitaxel;colchicine;triclabendazole,cabazitaxel;colchicine;triclabendazole,cabazitaxel;colchicine;triclabendazole,cabazitaxel;colchicine;triclabendazole,cabazitaxel;colchicine;triclabendazole,cabazitaxel;colchicine;triclabendazole,3
mineralocorticoid receptor antagonist,canrenoic-acid;drospirenone;spironolactone,canrenoic-acid;drospirenone;spironolactone,canrenoic-acid;drospirenone;spironolactone,canrenoic-acid;drospirenone;spironolactone,canrenoic-acid;drospirenone;spironolactone,canrenoic-acid;drospirenone;spironolactone,3
monoamine oxidase inhibitor,selegiline;moclobemide;rasagiline;tetrindole;milacemide;hymecromone,selegiline;moclobemide;rasagiline;tetrindole;milacemide;hymecromone,selegiline;moclobemide;rasagiline;tetrindole;milacemide;hymecromone,selegiline;moclobemide;rasagiline;tetrindole;milacemide;hymecromone,selegiline;moclobemide;rasagiline;tetrindole;milacemide;hymecromone,selegiline;moclobemide;rasagiline;tetrindole;milacemide;hymecromone,6
mtor inhibitor,deforolimus;temsirolimus;everolimus;mln0128;sirolimus;azd2014,deforolimus;temsirolimus;everolimus;mln0128;sirolimus;azd2014,deforolimus;temsirolimus;everolimus;mln0128;sirolimus;azd2014,deforolimus;temsirolimus;everolimus;mln0128;sirolimus;azd2014,deforolimus;temsirolimus;everolimus;mln0128;sirolimus;azd2014,deforolimus;temsirolimus;everolimus;mln0128;sirolimus;azd2014,6
mtor inhibitor|pi3k inhibitor,pki-179;pf-04691502;voxtalisib,pki-179;pf-04691502;voxtalisib,pki-179;pf-04691502;voxtalisib,pki-179;pf-04691502;voxtalisib,pki-179;pf-04691502;voxtalisib,pki-179;pf-04691502;voxtalisib,3
mucolytic agent,telmesteine;sorbitol;acetylcysteine,telmesteine;sorbitol;acetylcysteine,telmesteine;sorbitol;acetylcysteine,telmesteine;sorbitol;acetylcysteine,telmesteine;sorbitol;acetylcysteine,telmesteine;sorbitol;acetylcysteine,3
neurotrophic agent,inosine;nsi-189,inosine;nsi-189,inosine;nsi-189,inosine;nsi-189,inosine;nsi-189,inosine;nsi-189,2
nfkb pathway inhibitor,bindarit;erythromycin;sasapyrine;cepharanthine,bindarit;erythromycin;sasapyrine;cepharanthine,bindarit;erythromycin;sasapyrine;cepharanthine,bindarit;erythromycin;sasapyrine;cepharanthine,bindarit;erythromycin;sasapyrine;cepharanthine,bindarit;erythromycin;sasapyrine;cepharanthine,4
nitric oxide donor,linsidomine;pa-824,linsidomine;pa-824,linsidomine;pa-824,linsidomine;pa-824,linsidomine;pa-824,linsidomine;pa-824,2
nitric oxide stimulant,l-citrulline;isosorbide,l-citrulline;isosorbide,l-citrulline;isosorbide,l-citrulline;isosorbide,l-citrulline;isosorbide,l-citrulline;isosorbide,2
nitric oxide synthase inhibitor,aminoguanidine;l-name;2-iminobiotin;targinine,aminoguanidine;l-name;2-iminobiotin;targinine,aminoguanidine;l-name;2-iminobiotin;targinine,aminoguanidine;l-name;2-iminobiotin;targinine,aminoguanidine;l-name;2-iminobiotin;targinine,aminoguanidine;l-name;2-iminobiotin;targinine,4
non-nucleoside reverse transcriptase inhibitor,dapivirine;rilpivirine;lersivirine;etravirine,dapivirine;rilpivirine;lersivirine;etravirine,dapivirine;rilpivirine;lersivirine;etravirine,dapivirine;rilpivirine;lersivirine;etravirine,dapivirine;rilpivirine;lersivirine;etravirine,dapivirine;rilpivirine;lersivirine;etravirine,4
norepinephrine reputake inhibitor|tricyclic antidepressant,trimipramine;maprotiline,trimipramine;maprotiline,trimipramine;maprotiline,trimipramine;maprotiline,trimipramine;maprotiline,trimipramine;maprotiline,2
nucleoside reverse transcriptase inhibitor,lamivudine;emtricitabine;zalcitabine;dideoxyadenosine,lamivudine;emtricitabine;zalcitabine;dideoxyadenosine,lamivudine;emtricitabine;zalcitabine;dideoxyadenosine,lamivudine;emtricitabine;zalcitabine;dideoxyadenosine,lamivudine;emtricitabine;zalcitabine;dideoxyadenosine,lamivudine;emtricitabine;zalcitabine;dideoxyadenosine,4
o6-alkylguanine-dna alkyltransferase inhibitor,lomeguatrib;o6-benzylguanine,lomeguatrib;o6-benzylguanine,lomeguatrib;o6-benzylguanine,lomeguatrib;o6-benzylguanine,lomeguatrib;o6-benzylguanine,lomeguatrib;o6-benzylguanine,2
opioid receptor agonist,salvinorin-a;loperamide;trimebutine,salvinorin-a;loperamide;trimebutine,salvinorin-a;loperamide;trimebutine,salvinorin-a;loperamide;trimebutine,salvinorin-a;loperamide;trimebutine,salvinorin-a;loperamide;trimebutine,3
opioid receptor agonist|opioid receptor antagonist,butorphanol-(+)-tartrate;nalbuphine,butorphanol-(+)-tartrate;nalbuphine,butorphanol-(+)-tartrate;nalbuphine,butorphanol-(+)-tartrate;nalbuphine,butorphanol-(+)-tartrate;nalbuphine,butorphanol-(+)-tartrate;nalbuphine,2
opioid receptor antagonist,chloroxine;methylnaltrexone;alvimopan,chloroxine;methylnaltrexone;alvimopan,chloroxine;methylnaltrexone;alvimopan,chloroxine;methylnaltrexone;alvimopan,chloroxine;methylnaltrexone;alvimopan,chloroxine;methylnaltrexone;alvimopan,3
orexin receptor antagonist,almorexant;suvorexant,almorexant;suvorexant,almorexant;suvorexant,almorexant;suvorexant,almorexant;suvorexant,almorexant;suvorexant,2
oxidative stress inducer,aminolevulinic-acid;elesclomol,aminolevulinic-acid;elesclomol,aminolevulinic-acid;elesclomol,aminolevulinic-acid;elesclomol,aminolevulinic-acid;elesclomol,aminolevulinic-acid;elesclomol,2
p38 mapk inhibitor,talmapimod;ly2228820;losmapimod;doramapimod;ph-797804,talmapimod;ly2228820;losmapimod;doramapimod;ph-797804,talmapimod;ly2228820;losmapimod;doramapimod;ph-797804,talmapimod;ly2228820;losmapimod;doramapimod;ph-797804,talmapimod;ly2228820;losmapimod;doramapimod;ph-797804,talmapimod;ly2228820;losmapimod;doramapimod;ph-797804,5
parp inhibitor,3-amino-benzamide;iniparib;veliparib;olaparib;talazoparib,3-amino-benzamide;iniparib;veliparib;olaparib;talazoparib,3-amino-benzamide;iniparib;veliparib;olaparib;talazoparib,3-amino-benzamide;iniparib;veliparib;olaparib;talazoparib,3-amino-benzamide;iniparib;veliparib;olaparib;talazoparib,3-amino-benzamide;iniparib;veliparib;olaparib;talazoparib,5
pdgfr tyrosine kinase receptor inhibitor|vegfr inhibitor,su014813;linifanib,su014813;linifanib,su014813;linifanib,su014813;linifanib,su014813;linifanib,su014813;linifanib,2
phosphodiesterase inhibitor,papaverine;zaprinast;arofylline;rolipram;pf-02545920;theobromine;vardenafil;isbufylline;roflumilast;zardaverine;gsk256066;cilomilast;pentoxifylline;dipyridamole;cilostazol;milrinone;siguazodan;emd-53998;etazolate;avanafil;piclamilast;pf-04447943;amrinone;mirodenafil;sildenafil;oglemilast;apremilast;tadalafil,papaverine;zaprinast;arofylline;rolipram;pf-02545920;theobromine;vardenafil;isbufylline;roflumilast;zardaverine;gsk256066;cilomilast;pentoxifylline;dipyridamole;cilostazol;milrinone;siguazodan;emd-53998;etazolate;avanafil;piclamilast;pf-04447943;amrinone;mirodenafil;sildenafil;oglemilast;apremilast;tadalafil,papaverine;zaprinast;arofylline;rolipram;pf-02545920;theobromine;vardenafil;isbufylline;roflumilast;zardaverine;gsk256066;cilomilast;pentoxifylline;dipyridamole;cilostazol;milrinone;siguazodan;emd-53998;etazolate;avanafil;piclamilast;pf-04447943;amrinone;mirodenafil;sildenafil;oglemilast;apremilast;tadalafil,papaverine;zaprinast;arofylline;rolipram;pf-02545920;theobromine;vardenafil;isbufylline;roflumilast;zardaverine;gsk256066;cilomilast;pentoxifylline;dipyridamole;cilostazol;milrinone;siguazodan;emd-53998;etazolate;avanafil;piclamilast;pf-04447943;amrinone;mirodenafil;sildenafil;oglemilast;apremilast;tadalafil,papaverine;zaprinast;arofylline;rolipram;pf-02545920;theobromine;vardenafil;isbufylline;roflumilast;zardaverine;gsk256066;cilomilast;pentoxifylline;dipyridamole;cilostazol;milrinone;siguazodan;emd-53998;etazolate;avanafil;piclamilast;pf-04447943;amrinone;mirodenafil;sildenafil;oglemilast;apremilast;tadalafil,papaverine;zaprinast;arofylline;rolipram;pf-02545920;theobromine;vardenafil;isbufylline;roflumilast;zardaverine;gsk256066;cilomilast;pentoxifylline;dipyridamole;cilostazol;milrinone;siguazodan;emd-53998;etazolate;avanafil;piclamilast;pf-04447943;amrinone;mirodenafil;sildenafil;oglemilast;apremilast;tadalafil,28
pi3k inhibitor,idelalisib;taselisib;gsk2636771;pilaralisib,idelalisib;taselisib;gsk2636771;pilaralisib,idelalisib;taselisib;gsk2636771;pilaralisib,idelalisib;taselisib;gsk2636771;pilaralisib,idelalisib;taselisib;gsk2636771;pilaralisib,idelalisib;taselisib;gsk2636771;pilaralisib,4
pim kinase inhibitor,azd1208;sgi-1776,azd1208;sgi-1776,azd1208;sgi-1776,azd1208;sgi-1776,azd1208;sgi-1776,azd1208;sgi-1776,2
pkc inhibitor,sotrastaurin;ethylenediaminetetraacetic-acid;enzastaurin;dequalinium,sotrastaurin;ethylenediaminetetraacetic-acid;enzastaurin;dequalinium,sotrastaurin;ethylenediaminetetraacetic-acid;enzastaurin;dequalinium,sotrastaurin;ethylenediaminetetraacetic-acid;enzastaurin;dequalinium,sotrastaurin;ethylenediaminetetraacetic-acid;enzastaurin;dequalinium,sotrastaurin;ethylenediaminetetraacetic-acid;enzastaurin;dequalinium,4
plk inhibitor,nms-1286937;volasertib,nms-1286937;volasertib,nms-1286937;volasertib,nms-1286937;volasertib,nms-1286937;volasertib,nms-1286937;volasertib,2
potassium channel activator,diazoxide;retigabine;hexachlorophene;levcromakalim,diazoxide;retigabine;hexachlorophene;levcromakalim,diazoxide;retigabine;hexachlorophene;levcromakalim,diazoxide;retigabine;hexachlorophene;levcromakalim,diazoxide;retigabine;hexachlorophene;levcromakalim,diazoxide;retigabine;hexachlorophene;levcromakalim,4
potassium channel blocker,amiodarone;linopirdine;meglitinide;doxapram,amiodarone;linopirdine;meglitinide;doxapram,amiodarone;linopirdine;meglitinide;doxapram,amiodarone;linopirdine;meglitinide;doxapram,amiodarone;linopirdine;meglitinide;doxapram,amiodarone;linopirdine;meglitinide;doxapram,4
ppar receptor agonist,bezafibrate;clofibric-acid;ciglitazone,bezafibrate;clofibric-acid;ciglitazone,bezafibrate;clofibric-acid;ciglitazone,bezafibrate;clofibric-acid;ciglitazone,bezafibrate;clofibric-acid;ciglitazone,bezafibrate;clofibric-acid;ciglitazone,3
ppar receptor agonist|insulin sensitizer,troglitazone;pioglitazone;rosiglitazone,troglitazone;pioglitazone;rosiglitazone,troglitazone;pioglitazone;rosiglitazone,troglitazone;pioglitazone;rosiglitazone,troglitazone;pioglitazone;rosiglitazone,troglitazone;pioglitazone;rosiglitazone,3
progesterone receptor agonist,17-hydroxyprogesterone-caproate;norgestrel;norethisterone;medroxyprogesterone-acetate;dienogest;progesterone;tanaproget,17-hydroxyprogesterone-caproate;norgestrel;norethisterone;medroxyprogesterone-acetate;dienogest;progesterone;tanaproget,17-hydroxyprogesterone-caproate;norgestrel;norethisterone;medroxyprogesterone-acetate;dienogest;progesterone;tanaproget,17-hydroxyprogesterone-caproate;norgestrel;norethisterone;medroxyprogesterone-acetate;dienogest;progesterone;tanaproget,17-hydroxyprogesterone-caproate;norgestrel;norethisterone;medroxyprogesterone-acetate;dienogest;progesterone;tanaproget,17-hydroxyprogesterone-caproate;norgestrel;norethisterone;medroxyprogesterone-acetate;dienogest;progesterone;tanaproget,7
progesterone receptor antagonist,ulipristal;gestrinone,ulipristal;gestrinone,ulipristal;gestrinone,ulipristal;gestrinone,ulipristal;gestrinone,ulipristal;gestrinone,2
progestogen hormone,norethindrone;altrenogest,norethindrone;altrenogest,norethindrone;altrenogest,norethindrone;altrenogest,norethindrone;altrenogest,norethindrone;altrenogest,2
prostanoid receptor agonist,travoprost;latanoprost;bimatoprost,travoprost;latanoprost;bimatoprost,travoprost;latanoprost;bimatoprost,travoprost;latanoprost;bimatoprost,travoprost;latanoprost;bimatoprost,travoprost;latanoprost;bimatoprost,3
prostanoid receptor antagonist,benzydamine;diflunisal;ramatroban,benzydamine;diflunisal;ramatroban,benzydamine;diflunisal;ramatroban,benzydamine;diflunisal;ramatroban,benzydamine;diflunisal;ramatroban,benzydamine;diflunisal;ramatroban,3
proteasome inhibitor,oprozomib;delanzomib;mln9708,oprozomib;delanzomib;mln9708,oprozomib;delanzomib;mln9708,oprozomib;delanzomib;mln9708,oprozomib;delanzomib;mln9708,oprozomib;delanzomib;mln9708,3
protein synthesis inhibitor,retapamulin;rifabutin;clofoctol;clindamycin;bruceantin;homoharringtonine,retapamulin;rifabutin;clofoctol;clindamycin;bruceantin;homoharringtonine,retapamulin;rifabutin;clofoctol;clindamycin;bruceantin;homoharringtonine,retapamulin;rifabutin;clofoctol;clindamycin;bruceantin;homoharringtonine,retapamulin;rifabutin;clofoctol;clindamycin;bruceantin;homoharringtonine,retapamulin;rifabutin;clofoctol;clindamycin;bruceantin;homoharringtonine,6
protein synthesis stimulant,nicotinamide;dehydroepiandrosterone;malotilate,nicotinamide;dehydroepiandrosterone;malotilate,nicotinamide;dehydroepiandrosterone;malotilate,nicotinamide;dehydroepiandrosterone;malotilate,nicotinamide;dehydroepiandrosterone;malotilate,nicotinamide;dehydroepiandrosterone;malotilate,3
purine antagonist,thioguanine;tioguanine,thioguanine;tioguanine,thioguanine;tioguanine,thioguanine;tioguanine,thioguanine;tioguanine,thioguanine;tioguanine,2
purinergic receptor antagonist,ticlopidine;ticagrelor,ticlopidine;ticagrelor,ticlopidine;ticagrelor,ticlopidine;ticagrelor,ticlopidine;ticagrelor,ticlopidine;ticagrelor,2
raf inhibitor,dabrafenib;mln2480;lgx818;vemurafenib,dabrafenib;mln2480;lgx818;vemurafenib,dabrafenib;mln2480;lgx818;vemurafenib,dabrafenib;mln2480;lgx818;vemurafenib,dabrafenib;mln2480;lgx818;vemurafenib,dabrafenib;mln2480;lgx818;vemurafenib,4
retinoid receptor agonist,tamibarotene;adapalene;adarotene;palovarotene;bexarotene,tamibarotene;adapalene;adarotene;palovarotene;bexarotene,tamibarotene;adapalene;adarotene;palovarotene;bexarotene,tamibarotene;adapalene;adarotene;palovarotene;bexarotene,tamibarotene;adapalene;adarotene;palovarotene;bexarotene,tamibarotene;adapalene;adarotene;palovarotene;bexarotene,5
reverse transcriptase inhibitor,nevirapine;zidovudine;abacavir,nevirapine;zidovudine;abacavir,nevirapine;zidovudine;abacavir,nevirapine;zidovudine;abacavir,nevirapine;zidovudine;abacavir,nevirapine;zidovudine;abacavir,3
rho associated kinase inhibitor,ripasudil;fasudil;kd025,ripasudil;fasudil;kd025,ripasudil;fasudil;kd025,ripasudil;fasudil;kd025,ripasudil;fasudil;kd025,ripasudil;fasudil;kd025,3
ribonucleoside reductase inhibitor,clofarabine;hydroxyurea,clofarabine;hydroxyurea,clofarabine;hydroxyurea,clofarabine;hydroxyurea,clofarabine;hydroxyurea,clofarabine;hydroxyurea,2
ribonucleotide reductase inhibitor,cytarabine;gemcitabine,cytarabine;gemcitabine,cytarabine;gemcitabine,cytarabine;gemcitabine,cytarabine;gemcitabine,cytarabine;gemcitabine,2
rna polymerase inhibitor,cx-5461;favipiravir;sofosbuvir;psi-6130;fidaxomicin;balapiravir;nesbuvir,cx-5461;favipiravir;sofosbuvir;psi-6130;fidaxomicin;balapiravir;nesbuvir,cx-5461;favipiravir;sofosbuvir;psi-6130;fidaxomicin;balapiravir;nesbuvir,cx-5461;favipiravir;sofosbuvir;psi-6130;fidaxomicin;balapiravir;nesbuvir,cx-5461;favipiravir;sofosbuvir;psi-6130;fidaxomicin;balapiravir;nesbuvir,cx-5461;favipiravir;sofosbuvir;psi-6130;fidaxomicin;balapiravir;nesbuvir,7
rna synthesis inhibitor,aphidicolin;rifaximin,aphidicolin;rifaximin,aphidicolin;rifaximin,aphidicolin;rifaximin,aphidicolin;rifaximin,aphidicolin;rifaximin,2
selective serotonin reuptake inhibitor (ssri),fluoxetine;paroxetine;fluvoxamine;escitalopram,fluoxetine;paroxetine;fluvoxamine;escitalopram,fluoxetine;paroxetine;fluvoxamine;escitalopram,fluoxetine;paroxetine;fluvoxamine;escitalopram,fluoxetine;paroxetine;fluvoxamine;escitalopram,fluoxetine;paroxetine;fluvoxamine;escitalopram,4
serotonin receptor agonist,rotundine;donitriptan;cisapride;dexfenfluramine;lorcaserin;sumatriptan;dihydroergotamine;rizatriptan;mcpp;xaliproden;buspirone,rotundine;donitriptan;cisapride;dexfenfluramine;lorcaserin;sumatriptan;dihydroergotamine;rizatriptan;mcpp;xaliproden;buspirone,rotundine;donitriptan;cisapride;dexfenfluramine;lorcaserin;sumatriptan;dihydroergotamine;rizatriptan;mcpp;xaliproden;buspirone,rotundine;donitriptan;cisapride;dexfenfluramine;lorcaserin;sumatriptan;dihydroergotamine;rizatriptan;mcpp;xaliproden;buspirone,rotundine;donitriptan;cisapride;dexfenfluramine;lorcaserin;sumatriptan;dihydroergotamine;rizatriptan;mcpp;xaliproden;buspirone,rotundine;donitriptan;cisapride;dexfenfluramine;lorcaserin;sumatriptan;dihydroergotamine;rizatriptan;mcpp;xaliproden;buspirone,11
serotonin receptor agonist|serotonin receptor antagonist,vortioxetine;adatanserin;aripiprazole,vortioxetine;adatanserin;aripiprazole,vortioxetine;adatanserin;aripiprazole,vortioxetine;adatanserin;aripiprazole,vortioxetine;adatanserin;aripiprazole,vortioxetine;adatanserin;aripiprazole,3
serotonin receptor antagonist,prx-08066;mianserin;ondansetron;granisetron;palonosetron;alaproclate;altanserin;lerisetron;sertraline;idalopirdine;rs-127445,prx-08066;mianserin;ondansetron;granisetron;palonosetron;alaproclate;altanserin;lerisetron;sertraline;idalopirdine;rs-127445,prx-08066;mianserin;ondansetron;granisetron;palonosetron;alaproclate;altanserin;lerisetron;sertraline;idalopirdine;rs-127445,prx-08066;mianserin;ondansetron;granisetron;palonosetron;alaproclate;altanserin;lerisetron;sertraline;idalopirdine;rs-127445,prx-08066;mianserin;ondansetron;granisetron;palonosetron;alaproclate;altanserin;lerisetron;sertraline;idalopirdine;rs-127445,prx-08066;mianserin;ondansetron;granisetron;palonosetron;alaproclate;altanserin;lerisetron;sertraline;idalopirdine;rs-127445,11
serotonin reuptake inhibitor,milnacipran;minaprine;vilazodone;citalopram,milnacipran;minaprine;vilazodone;citalopram,milnacipran;minaprine;vilazodone;citalopram,milnacipran;minaprine;vilazodone;citalopram,milnacipran;minaprine;vilazodone;citalopram,milnacipran;minaprine;vilazodone;citalopram,4
sigma receptor antagonist,api-001;rimcazole,api-001;rimcazole,api-001;rimcazole,api-001;rimcazole,api-001;rimcazole,api-001;rimcazole,2
sodium channel blocker,disopyramide;flecainide;bupivacaine;ambroxol;quinidine;co-102862;procainamide;triamterene;ranolazine;amiloride;lupanine,disopyramide;flecainide;bupivacaine;ambroxol;quinidine;co-102862;procainamide;triamterene;ranolazine;amiloride;lupanine,disopyramide;flecainide;bupivacaine;ambroxol;quinidine;co-102862;procainamide;triamterene;ranolazine;amiloride;lupanine,disopyramide;flecainide;bupivacaine;ambroxol;quinidine;co-102862;procainamide;triamterene;ranolazine;amiloride;lupanine,disopyramide;flecainide;bupivacaine;ambroxol;quinidine;co-102862;procainamide;triamterene;ranolazine;amiloride;lupanine,disopyramide;flecainide;bupivacaine;ambroxol;quinidine;co-102862;procainamide;triamterene;ranolazine;amiloride;lupanine,11
sodium/glucose cotransporter inhibitor,dapagliflozin;canagliflozin,dapagliflozin;canagliflozin,dapagliflozin;canagliflozin,dapagliflozin;canagliflozin,dapagliflozin;canagliflozin,dapagliflozin;canagliflozin,2
sodium/potassium/chloride transporter inhibitor,etacrynic-acid;bendroflumethiazide,etacrynic-acid;bendroflumethiazide,etacrynic-acid;bendroflumethiazide,etacrynic-acid;bendroflumethiazide,etacrynic-acid;bendroflumethiazide,etacrynic-acid;bendroflumethiazide,2
sterol demethylase inhibitor,tioconazole;fluconazole;flutrimazole;ketoconazole;luliconazole;bifonazole;sertaconazole,tioconazole;fluconazole;flutrimazole;ketoconazole;luliconazole;bifonazole;sertaconazole,tioconazole;fluconazole;flutrimazole;ketoconazole;luliconazole;bifonazole;sertaconazole,tioconazole;fluconazole;flutrimazole;ketoconazole;luliconazole;bifonazole;sertaconazole,tioconazole;fluconazole;flutrimazole;ketoconazole;luliconazole;bifonazole;sertaconazole,tioconazole;fluconazole;flutrimazole;ketoconazole;luliconazole;bifonazole;sertaconazole,7
sulfonylurea,glipizide;gliquidone,glipizide;gliquidone,glipizide;gliquidone,glipizide;gliquidone,glipizide;gliquidone,glipizide;gliquidone,2
t-type calcium channel blocker,mibefradil;penfluridol;pinaverium,mibefradil;penfluridol;pinaverium,mibefradil;penfluridol;pinaverium,mibefradil;penfluridol;pinaverium,mibefradil;penfluridol;pinaverium,mibefradil;penfluridol;pinaverium,3
tachykinin antagonist,aprepitant;sdz-nkt-343;talnetant;av-608;netupitant,aprepitant;sdz-nkt-343;talnetant;av-608;netupitant,aprepitant;sdz-nkt-343;talnetant;av-608;netupitant,aprepitant;sdz-nkt-343;talnetant;av-608;netupitant,aprepitant;sdz-nkt-343;talnetant;av-608;netupitant,aprepitant;sdz-nkt-343;talnetant;av-608;netupitant,5
thrombin inhibitor,argatroban;ammonium-glycyrrhizinate,argatroban;ammonium-glycyrrhizinate,argatroban;ammonium-glycyrrhizinate,argatroban;ammonium-glycyrrhizinate,argatroban;ammonium-glycyrrhizinate,argatroban;ammonium-glycyrrhizinate,2
thromboxane receptor antagonist,"ici-185,282;ici-192605","ici-185,282;ici-192605","ici-185,282;ici-192605","ici-185,282;ici-192605","ici-185,282;ici-192605","ici-185,282;ici-192605",2
thromboxane synthase inhibitor,ozagrel;dazoxiben,ozagrel;dazoxiben,ozagrel;dazoxiben,ozagrel;dazoxiben,ozagrel;dazoxiben,ozagrel;dazoxiben,2
thymidylate synthase inhibitor,doxifluridine;ftorafur,doxifluridine;ftorafur,doxifluridine;ftorafur,doxifluridine;ftorafur,doxifluridine;ftorafur,doxifluridine;ftorafur,2
thyrotropin releasing hormone receptor agonist,protirelin;taltirelin,protirelin;taltirelin,protirelin;taltirelin,protirelin;taltirelin,protirelin;taltirelin,protirelin;taltirelin,2
topoisomerase inhibitor,licochalcone-a;voreloxin;irinotecan;tas-103;cinoxacin;etoposide;camptothecin;amonafide;epirubicin;pazufloxacin;merbarone;amsacrine;enoxacin;genz-644282;doxorubicin,licochalcone-a;voreloxin;irinotecan;tas-103;cinoxacin;etoposide;camptothecin;amonafide;epirubicin;pazufloxacin;merbarone;amsacrine;enoxacin;genz-644282;doxorubicin,licochalcone-a;voreloxin;irinotecan;tas-103;cinoxacin;etoposide;camptothecin;amonafide;epirubicin;pazufloxacin;merbarone;amsacrine;enoxacin;genz-644282;doxorubicin,licochalcone-a;voreloxin;irinotecan;tas-103;cinoxacin;etoposide;camptothecin;amonafide;epirubicin;pazufloxacin;merbarone;amsacrine;enoxacin;genz-644282;doxorubicin,licochalcone-a;voreloxin;irinotecan;tas-103;cinoxacin;etoposide;camptothecin;amonafide;epirubicin;pazufloxacin;merbarone;amsacrine;enoxacin;genz-644282;doxorubicin,licochalcone-a;voreloxin;irinotecan;tas-103;cinoxacin;etoposide;camptothecin;amonafide;epirubicin;pazufloxacin;merbarone;amsacrine;enoxacin;genz-644282;doxorubicin,15
tricyclic antidepressant,protriptyline;nortriptyline,protriptyline;nortriptyline,protriptyline;nortriptyline,protriptyline;nortriptyline,protriptyline;nortriptyline,protriptyline;nortriptyline,2
trpv antagonist,amg-517;sb-705498,amg-517;sb-705498,amg-517;sb-705498,amg-517;sb-705498,amg-517;sb-705498,amg-517;sb-705498,2
tubulin inhibitor,dimesna;paclitaxel;griseofulvin;docetaxel;mebendazole;indibulin;albendazole,dimesna;paclitaxel;griseofulvin;docetaxel;mebendazole;indibulin;albendazole,dimesna;paclitaxel;griseofulvin;docetaxel;mebendazole;indibulin;albendazole,dimesna;paclitaxel;griseofulvin;docetaxel;mebendazole;indibulin;albendazole,dimesna;paclitaxel;griseofulvin;docetaxel;mebendazole;indibulin;albendazole,dimesna;paclitaxel;griseofulvin;docetaxel;mebendazole;indibulin;albendazole,7
tumor necrosis factor release inhibitor,cpi-1189;glycitein,cpi-1189;glycitein,cpi-1189;glycitein,cpi-1189;glycitein,cpi-1189;glycitein,cpi-1189;glycitein,2
tyrosinase inhibitor,azelaic-acid;rucinol,azelaic-acid;rucinol,azelaic-acid;rucinol,azelaic-acid;rucinol,azelaic-acid;rucinol,azelaic-acid;rucinol,2
tyrosine kinase inhibitor,hypericin;amg-208;tivantinib,hypericin;amg-208;tivantinib,hypericin;amg-208;tivantinib,hypericin;amg-208;tivantinib,hypericin;amg-208;tivantinib,hypericin;amg-208;tivantinib,3
vasopressin receptor antagonist,mozavaptan;conivaptan;tolvaptan;relcovaptan,mozavaptan;conivaptan;tolvaptan;relcovaptan,mozavaptan;conivaptan;tolvaptan;relcovaptan,mozavaptan;conivaptan;tolvaptan;relcovaptan,mozavaptan;conivaptan;tolvaptan;relcovaptan,mozavaptan;conivaptan;tolvaptan;relcovaptan,4
vegfr inhibitor,foretinib;tivozanib;semaxanib;golvatinib,foretinib;tivozanib;semaxanib;golvatinib,foretinib;tivozanib;semaxanib;golvatinib,foretinib;tivozanib;semaxanib;golvatinib,foretinib;tivozanib;semaxanib;golvatinib,foretinib;tivozanib;semaxanib;golvatinib,4
vesicular monoamine transporter inhibitor,tetrabenazine;reserpine,tetrabenazine;reserpine,tetrabenazine;reserpine,tetrabenazine;reserpine,tetrabenazine;reserpine,tetrabenazine;reserpine,2
vitamin d receptor agonist,calcitriol;seocalcitol;maxacalcitol;ercalcitriol;tacalcitol,calcitriol;seocalcitol;maxacalcitol;ercalcitriol;tacalcitol,calcitriol;seocalcitol;maxacalcitol;ercalcitriol;tacalcitol,calcitriol;seocalcitol;maxacalcitol;ercalcitriol;tacalcitol,calcitriol;seocalcitol;maxacalcitol;ercalcitriol;tacalcitol,calcitriol;seocalcitol;maxacalcitol;ercalcitriol;tacalcitol,5
xanthine oxidase inhibitor,oxypurinol;febuxostat;allopurinol,oxypurinol;febuxostat;allopurinol,oxypurinol;febuxostat;allopurinol,oxypurinol;febuxostat;allopurinol,oxypurinol;febuxostat;allopurinol,oxypurinol;febuxostat;allopurinol,3
xiap inhibitor,lcl-161;gdc-0152;birinapant,lcl-161;gdc-0152;birinapant,lcl-161;gdc-0152;birinapant,lcl-161;gdc-0152;birinapant,lcl-161;gdc-0152;birinapant,lcl-161;gdc-0152;birinapant,3
