pert_iname	moa	Metadata_target
17-hydroxyprogesterone-caproate	progesterone receptor agonist	AR|ESR1|ESR2|NR1H4|NR1I2|NR3C1|PGR
2-iminobiotin	nitric oxide synthase inhibitor	NOS1|NOS2
3-amino-benzamide	parp inhibitor	PARP1
abacavir	reverse transcriptase inhibitor	unknown
abt-202	acetylcholine receptor agonist	unknown
abt-239	histamine receptor antagonist	HRH1|HRH2|HRH3
abt-724	dopamine receptor agonist	DRD4
abt-737	bcl inhibitor	BCL2|BCL2L1|BCL2L2
acarbose	glucosidase inhibitor	AMY2A|MGAM
acebutolol	adrenergic receptor antagonist	ADRB1
acetazolamide	carbonic anhydrase inhibitor	AQP1|CA1|CA12|CA14|CA2|CA3|CA4|CA7
acetylcysteine	mucolytic agent	ACY1|CHUK|GRIN1|GRIN2A|GRIN2B|GRIN2D|GRIN3A|GSS|IKBKB|RELA|SLC7A11
acifran	cholesterol inhibitor	HCAR2|HCAR3
acipimox	cholesterol inhibitor	HCAR2
aclidinium	acetylcholine receptor antagonist	CHRM1|CHRM2|CHRM3|CHRM4|CHRM5
acrivastine	histamine receptor antagonist	HRH1
acy-1215	hdac inhibitor	HDAC1|HDAC2|HDAC3|HDAC6|HDAC8
adapalene	retinoid receptor agonist	RARA|RARB|RARG|RXRA|RXRB|RXRG
adarotene	retinoid receptor agonist	RARB|RARG
adatanserin	serotonin receptor agonist|serotonin receptor antagonist	HTR1A|HTR2A
adenosine	adenosine receptor agonist	ADORA1|ADORA2A|ADORA2B|ADORA3|PI4K2A|PI4K2B|TRPM4
afatinib	egfr inhibitor	EGFR|ERBB2|ERBB4
afloqualone	acetylcholine receptor antagonist	unknown
agi-5198	isocitrate dehydrogenase inhibitor	IDH1
agi-6780	isocitrate dehydrogenase inhibitor	IDH2
agp-103	membrane permeability inhibitor	unknown
alaproclate	serotonin receptor antagonist	SLC6A4
albendazole	tubulin inhibitor	TUBA1A|TUBB|TUBB4B
alectinib	alk tyrosine kinase receptor inhibitor	ALK|MET
alisertib	aurora kinase inhibitor	AURKA
alizapride	dopamine receptor antagonist	unknown
allopurinol	xanthine oxidase inhibitor	XDH
almorexant	orexin receptor antagonist	HCRTR1|HCRTR2
altanserin	serotonin receptor antagonist	HTR2A
altrenogest	progestogen hormone	PGR
altretamine	dna synthesis inhibitor	unknown
alvespimycin	hsp inhibitor	HSP90AA1
alvimopan	opioid receptor antagonist	OPRD1|OPRK1|OPRM1
alvocidib	cdk inhibitor	CDK1|CDK2|CDK4|CDK5|CDK6|CDK7|CDK8|CDK9|EGFR|PYGM
am-24	lipoxygenase inhibitor	ALOX5
amantadine	glutamate receptor antagonist	DRD2|GRIN2A|GRIN2B|GRIN2C|GRIN2D|GRIN3A
ambrisentan	endothelin receptor antagonist	EDNRA|EDNRB
ambroxol	sodium channel blocker	CYP3A4
amd11070	cc chemokine receptor antagonist	CCR5|CXCR4
amg-208	tyrosine kinase inhibitor	MET
amg-232	mdm inhibitor	MDM2
amg-517	trpv antagonist	TRPV1
amikacin	bacterial 30s ribosomal subunit inhibitor	unknown
amiloride	sodium channel blocker	AOC1|ASIC1|ASIC2|ASIC3|PKD2|PKD2L1|PLAU|SCNN1A|SCNN1B|SCNN1D|SCNN1G|SLC9A1|TRPC7|TRPV2
aminoguanidine	nitric oxide synthase inhibitor	AKR1B1|NOS2|TIMP3
aminolevulinic-acid	oxidative stress inducer	ALAD
aminosalicylic-acid	cyclooxygenase inhibitor	ALOX5|CHUK|PLA2G2E|PTGS1|PTGS2
amiodarone	potassium channel blocker	ADRB1|CACNA1H|CACNA2D2|KCNA7|KCNH2
amlexanox	histamine receptor modulator	FGF1|IL3|PDE4A|PDE4B|PDE4C|PDE4D|S100A12|S100A13
amlodipine	calcium channel blocker	CACNA1C|CACNA1D|CACNA1F|CACNA1S|CACNA2D1
ammonium-glycyrrhizinate	thrombin inhibitor	HSD11B1|HSD11B2|SLCO1B1|SLCO1B3
amonafide	topoisomerase inhibitor	TOP2A|TOP2B
ampalex	glutamate receptor agonist	GRIA1|GRIA2|GRIA3|GRIA4
amrinone	phosphodiesterase inhibitor	PDE3A|PDE3B|PDE4B|TNF
amsacrine	topoisomerase inhibitor	KCNH2|TOP2A
amtolmetin-guacil	cyclooxygenase inhibitor	PTGS1|PTGS2
anamorelin	growth hormone secretagogue receptor agonist	GHSR
anandamide	cannabinoid receptor agonist	CACNA1G|CACNA1H|CACNA1I|CNR1|CNR2|GLRA1|GPR18|GPR55|KCNA2|KCNK3|KCNK9|TRPM8|TRPV1
aniracetam	glutamate receptor agonist	DRD2|GRIA1|GRIA2|GRIA3|GRIA4|HTR2A
ap26113	alk tyrosine kinase receptor inhibitor	ALK|EGFR
apafant	platelet activating factor receptor antagonist	PTAFR
apd668	glucose-dependent insulinotropic receptor (gdir, gpr119) agonists	GPR119
aphidicolin	rna synthesis inhibitor	unknown
api-001	sigma receptor antagonist	SIGMAR1
apixaban	coagulation factor inhibitor	F10
apremilast	phosphodiesterase inhibitor	PDE4A|PDE4B|PDE4C|PDE4D
aprepitant	tachykinin antagonist	TACR1
argatroban	thrombin inhibitor	F2
arglabin	farnesyltransferase inhibitor	FNTA|NFKB1
aripiprazole	serotonin receptor agonist|serotonin receptor antagonist	ADRA1A|ADRA1B|ADRA2A|ADRA2B|ADRA2C|CHRM1|CHRM2|CHRM3|CHRM4|CHRM5|DRD1|DRD2|DRD3|DRD4|DRD5|HRH1|HTR1A|HTR1B|HTR1D|HTR1E|HTR2A|HTR2C|HTR3A|HTR6|HTR7
arofylline	phosphodiesterase inhibitor	PDE4A
arry-334543	egfr inhibitor	ERBB2
artesunate	dna synthesis inhibitor	unknown
asa-404	angiogenesis inhibitor	unknown
asenapine	dopamine receptor antagonist|serotonin receptor antagonist	DRD2|HRH1|HTR1A|HTR1B|HTR1D|HTR1E|HTR2A
aspirin	cyclooxygenase inhibitor	AKR1C1|ASIC3|EDNRA|HSPA5|IKBKB|NFKB1|NFKB2|NFKBIA|PRKAA1|PRKAA2|PRKAB1|PRKAB2|PRKAG1|PRKAG2|PRKAG3|PTGS1|PTGS2|RPS6KA3|TP53
atenolol	adrenergic receptor antagonist	unknown
atipamezole	adrenergic receptor antagonist	unknown
atn-161	integrin antagonist	ITGA5|ITGAV|ITGB1|ITGB3
atorvastatin	hmgcr inhibitor	AHR|DPP4|HMGCR
atracurium	acetylcholine receptor antagonist	unknown
atrasentan	endothelin receptor antagonist	EDNRA
av-608	tachykinin antagonist	TACR1
avagacestat	gamma secretase inhibitor	PSEN1
avanafil	phosphodiesterase inhibitor	PDE5A
avasimibe	acat inhibitor	CES1
avl-292	bruton's tyrosine kinase (btk) inhibitor	BTK|YES1
avn-944	inosine monophosphate dehydrogenase inhibitor	IMPDH1|IMPDH2
az-628	raf inhibitor	BRAF|RAF1
azacitidine	dna methyltransferase inhibitor	DNMT1|DNMT3A
azd-5438	cdk inhibitor	KCNH2
azd-8330	mek inhibitor	MAP3K1
azd1208	pim kinase inhibitor	PIM1|PIM2|PIM3
azd1480	jak inhibitor	JAK1|JAK2|JAK3
azd2014	mtor inhibitor	MTOR
azd5363	akt inhibitor	AKT1|AKT2|AKT3
azd7687	diacylglycerol o acyltransferase inhibitor	DGAT1
azd8931	egfr inhibitor	EGFR|ERBB2|ERBB3
azd9668	elastase inhibitor	ELANE
azelaic-acid	tyrosinase inhibitor	AKR1D1|SRD5A2|TYR
azelastine	histamine receptor antagonist	HRH1
balapiravir	rna polymerase inhibitor	unknown
balicatib	cathepsin inhibitor	CTSK
balsalazide	cyclooxygenase inhibitor	ALOX5|PPARG|PTGS1|PTGS2
bambuterol	adrenergic receptor agonist	ADRB2|BCHE
basimglurant	glutamate receptor antagonist	GRM5
batimastat	matrix metalloprotease inhibitor	ADAM28|ADAMTS5|MMP12|MMP16|MMP2|MMP8
bavisant	histamine receptor antagonist	HRH3
bay-k8644	calcium channel activator	unknown
bci-540	glutamate receptor agonist	unknown
belinostat	hdac inhibitor	HDAC1|HDAC10|HDAC11|HDAC2|HDAC3|HDAC4|HDAC5|HDAC6|HDAC7|HDAC8|HDAC9
benazepril	angiotensin converting enzyme inhibitor	ACE
bendamustine	dna inhibitor	unknown
bendroflumethiazide	sodium/potassium/chloride transporter inhibitor	SLC12A1|SLC12A3
benzthiazide	carbonic anhydrase inhibitor	CA2
benzydamine	prostanoid receptor antagonist	unknown
bepotastine	histamine receptor antagonist	HRH1
bexarotene	retinoid receptor agonist	RXRA|RXRB|RXRG
bezafibrate	ppar receptor agonist	PPARA|PPARD|PPARG
bi-2536	plk inhibitor	BRD4|PLK1|PLK2|PLK3
bicalutamide	androgen receptor antagonist	AR
bifemelane	acetylcholine release stimulant	MAOA|MAOB
bifonazole	sterol demethylase inhibitor	unknown
biib021	hsp inhibitor	HSP90AA1
bimatoprost	prostanoid receptor agonist	AKR1C3|PTGER1|PTGER3|PTGFR
bindarit	nfkb pathway inhibitor	CCL2|CCL7|CCL8
biperiden	acetylcholine receptor antagonist	CHRM1|CHRM2|CHRM3|CHRM4|CHRM5
birinapant	xiap inhibitor	BIRC2|XIAP
bisoprolol	adrenergic receptor antagonist	ADRB1
blonanserin	dopamine receptor antagonist|serotonin receptor antagonist	DRD2|HTR2A
bms-299897	gamma secretase inhibitor	unknown
bms-707035	hiv integrase inhibitor	unknown
bms-927711	calcitonin antagonist	CALCA
bmy-14802	sigma receptor antagonist	HTR1A
bopindolol	adrenergic receptor antagonist	unknown
bosentan	endothelin receptor antagonist	EDNRA|EDNRB
brequinar	dihydroorotate dehydrogenase inhibitor	DHODH
brivanib	fgfr inhibitor|vegfr inhibitor	CYP3A4|FGFR1|FLT1|KCNH2|KDR
brivudine	dna directed dna polymerase inhibitor	unknown
bromocriptine	dopamine receptor agonist	ADRA1A|ADRA1B|ADRA1D|ADRA2A|ADRA2B|ADRA2C|DRD1|DRD2|DRD3|DRD4|DRD5|HTR1A|HTR1B|HTR1D|HTR2A|HTR2B|HTR2C|HTR6|HTR7
bruceantin	protein synthesis inhibitor	unknown
bts-54505	dopamine reuptake inhibitor	SLC6A2|SLC6A3|SLC6A4
budipine	glutamate receptor antagonist	GRIN1
bupivacaine	sodium channel blocker	KCNA5|SCN10A
bupropion	dopamine uptake inhibitor	SLC6A2|SLC6A3
buspirone	serotonin receptor agonist	DRD2|HTR1A
butoconazole	bacterial cell wall synthesis inhibitor	unknown
cabazitaxel	microtubule inhibitor	TUBA1A|TUBA1B|TUBA1C|TUBA3C|TUBA3D|TUBA3E|TUBA4A|TUBB|TUBB1|TUBB2A|TUBB2B|TUBB3|TUBB4A|TUBB4B|TUBB6|TUBB8
cabergoline	dopamine receptor agonist	ADRA1A|ADRA1B|ADRA1D|ADRA2A|ADRA2B|ADRA2C|ADRB1|ADRB2|DRD1|DRD2|DRD3|DRD4|DRD5|HTR1A|HTR1B|HTR1D|HTR2A|HTR2B|HTR2C|HTR7
calcitriol	vitamin d receptor agonist	VDR
camptothecin	topoisomerase inhibitor	TOP1
canagliflozin	sodium/glucose cotransporter inhibitor	SLC5A1|SLC5A2
candesartan	angiotensin receptor antagonist	AGTR1
canertinib	egfr inhibitor	AKT1|EGFR|ERBB2|ERBB4
canrenoic-acid	mineralocorticoid receptor antagonist	NR3C2
carbimazole	antithyroid agent	TPO
cariprazine	dopamine receptor antagonist	DRD2|DRD3
carprofen	cyclooxygenase inhibitor	PTGS2
carvedilol	adrenergic receptor antagonist	ADRB1|ADRB2|ADRB3
cb-10-277-(free-acid)	dna synthesis inhibitor	unknown
cc-401	jnk inhibitor	MAPK8
cc-930	jnk inhibitor	unknown
cefdinir	bacterial cell wall synthesis inhibitor	MPO
cefepime	bacterial cell wall synthesis inhibitor	unknown
cefoperazone	bacterial cell wall synthesis inhibitor	unknown
cefotetan	bacterial cell wall synthesis inhibitor	unknown
cefozopran	bacterial cell wall synthesis inhibitor	unknown
celecoxib	cyclooxygenase inhibitor	CA12|PDPK1|PTGS2
cep-37440	alk tyrosine kinase receptor inhibitor	ALK
cepharanthine	nfkb pathway inhibitor	unknown
cgp12177	adrenergic receptor agonist	ADRB1|ADRB2|ADRB3
cgs-20625	benzodiazepine receptor agonist	GABRA1|GABRA2|GABRA3|GABRA4|GABRA5|GABRA6
chlorambucil	dna inhibitor	unknown
chlormezanone	gaba receptor modulator	GABRA1
chloroxine	opioid receptor antagonist	OPRK1
chlorphenamine	histamine receptor antagonist	unknown
chlorpromazine	dopamine receptor antagonist	ADRA1A|ADRA1B|ADRA1D|ADRA2A|ADRA2B|ADRA2C|CALM1|CHRM1|CHRM3|DRD1|DRD2|DRD3|DRD4|DRD5|HRH1|HRH4|HTR1A|HTR2A|HTR2B|HTR2C|HTR6|HTR7|KCNH2|ORM1|ORM2|SMPD1|TRPC5
chlorpropamide	atp channel blocker	ABCC8|KCNJ10
chlortalidone	diuretic	CA1|CA12|CA14|CA2|CA4|CA7|SLC12A1
ci-976	acat inhibitor	ACAT1|CES1
cianidanol	fatty acid synthase inhibitor	PTGS1
ciclesonide	glucocorticoid receptor agonist	NR3C1|SERPINA6
ciglitazone	ppar receptor agonist	PPARG
cilengitide	integrin antagonist	ITGAV|ITGB3
cilomilast	phosphodiesterase inhibitor	PDE4A|PDE4B|PDE4D
cilostazol	phosphodiesterase inhibitor	PDE3A|PDE3B
cimetidine	histamine receptor antagonist	HRH2|SLC29A4|SLC47A1|SLC47A2
cinepazide	calcium channel activator	unknown
cinnarizine	calcium channel blocker	unknown
cinoxacin	topoisomerase inhibitor	unknown
ciprofloxacin	bacterial dna gyrase inhibitor	TOP2A
cisapride	serotonin receptor agonist	HTR2A|HTR3A|HTR4|KCNH2
citalopram	serotonin reuptake inhibitor	ADRA1A|CHRM1|HRH1|SLC6A2|SLC6A3|SLC6A4
cl-218872	gaba receptor agonist	GABRA1|GABRA2|GABRA3|GABRA5|GABRB2|GABRG2
clarithromycin	bacterial 50s ribosomal subunit inhibitor	CYP3A4
clenbuterol	adrenergic receptor agonist	ABCC8|ADRB2|KCNJ11
clinafloxacin	bacterial dna gyrase inhibitor	unknown
clindamycin	protein synthesis inhibitor	unknown
clioquinol	chelating agent	OPRK1
clobetasol	glucocorticoid receptor agonist	NR3C1|PLA2G1B
clofarabine	ribonucleoside reductase inhibitor	POLA1|POLD1|POLE|RRM1|RRM2|RRM2B
clofibric-acid	ppar receptor agonist	PPARA
clofoctol	protein synthesis inhibitor	unknown
clomifene	estrogen receptor antagonist	ESR1
clonidine	adrenergic receptor agonist	ADRA1A|ADRA1B|ADRA1D|ADRA2A|ADRA2B|ADRA2C
co-102862	sodium channel blocker	SCN4A|SCN9A
cobimetinib	mek inhibitor	MAP2K1
colchicine	microtubule inhibitor	GLRA1|GLRA2|TUBA1A|TUBA1B|TUBA1C|TUBA3C|TUBA3D|TUBA3E|TUBA4A|TUBB|TUBB1|TUBB2A|TUBB2B|TUBB3|TUBB4A|TUBB4B|TUBB6|TUBB8
conivaptan	vasopressin receptor antagonist	AVPR1A|AVPR2
cordycepin	dna inhibitor	unknown
cp-945,598	cannabinoid receptor antagonist	CNR1
cpi-1189	tumor necrosis factor release inhibitor	TNF
cromoglicic-acid	immunosuppressant	KCNMA1|S100P
ct-7758	integrin antagonist	ITGA4
cx-5461	rna polymerase inhibitor	unknown
cx516	glutamate receptor modulator	unknown
cyclizine	histamine receptor modulator	HRH1|SULT1E1
cyclosporin-a	calcineurin inhibitor	ABCB11|CAMLG|FPR1|PPIA|PPIF|PPP3CA|PPP3R2|SLC10A1|SLCO1B1|SLCO1B3
cyproheptadine	histamine receptor antagonist	ADRA1A|ADRA1B|ADRA1D|CHRM1|CHRM2|CHRM3|HRH1|HTR2A|HTR2C|HTR6|HTR7
cyt-997	tubulin inhibitor	TUBB
cyt387	jak inhibitor	JAK1|JAK2|JAK3
cytarabine	ribonucleotide reductase inhibitor	POLA1|POLB|POLD1|POLE
cytisine	acetylcholine receptor agonist	CHRNA2|CHRNA3|CHRNA4|CHRNA6|CHRNA7|CHRNB2|CHRNB4
d-4476	tgf beta receptor inhibitor	CSNK1A1|CSNK1D|TGFB1
d-serine	glutamate receptor agonist	GLRA1|GRIN1|GRIN2A|GRIN2B|GRIN2C|GRIN2D|SERPINB3
dabrafenib	raf inhibitor	BRAF|LIMK1|NEK11|RAF1|SIK1
dacarbazine	dna alkylating agent	PGD|POLA2
dacinostat	hdac inhibitor	HDAC1|HDAC2|HDAC3|HDAC4|HDAC5|HDAC6|HDAC7|HDAC8|HDAC9
dacomitinib	egfr inhibitor	EGFR|ERBB2|ERBB4
dantrolene	calcium channel blocker	RYR1|RYR3
dapagliflozin	sodium/glucose cotransporter inhibitor	SLC5A1|SLC5A2
dapivirine	non-nucleoside reverse transcriptase inhibitor	CYP3A4|CYP3A5
dapsone	bacterial antifolate	DHFR
darifenacin	acetylcholine receptor antagonist	CHRM1|CHRM2|CHRM3|CHRM4|CHRM5
darunavir	hiv protease inhibitor	CYP3A4
dasabuvir	hcv inhibitor	unknown
dazoxiben	thromboxane synthase inhibitor	TBXAS1
decitabine	dna methyltransferase inhibitor	DNMT1|DNMT3A
defactinib	focal adhesion kinase inhibitor	PTK2
deferasirox	chelating agent	CYP3A4
deferiprone	chelating agent	UGT1A6
deforolimus	mtor inhibitor	MTOR
dehydroepiandrosterone	protein synthesis stimulant	ESR1|ESR2|G6PD|GABRA1|GABRA2|GABRA3|GABRA4|GABRA5|GABRA6|GABRB1|GABRB2|GABRB3|GABRD|GABRE|GABRG1|GABRG2|GABRG3|GABRP|GABRQ|GRIN1|GRIN2A|GRIN2B|GRIN2C|GRIN2D|GRIN3A|GRIN3B|HSD17B1|NR1I2|NR1I3|PPARA|SIGMAR1|SULT2A1|SULT2B1
delanzomib	proteasome inhibitor	CMA1|CTSG|CYP3A4|ELANE
dequalinium	pkc inhibitor	KCNN1|KCNN3
dexamethasone	glucocorticoid receptor agonist	NR3C1
dexloxiglumide	cck receptor antagonist	CCKAR
dexniguldipine	calmodulin antagonist	ADORA3
diazoxide	potassium channel activator	ATP1A1|CA1|CA2|KCNJ11|KCNJ8|KCNMA1|SLC12A3
diclofenac	cyclooxygenase inhibitor	AKR1C3|ALOX5|ASIC1|ASIC3|KCNQ2|KCNQ3|PLA2G2A|PPARG|PTGS1|PTGS2|SCN4A
diclofensine	dopamine reuptake inhibitor	DRD1|MAOA|MAOB
dicloxacillin	bacterial cell wall synthesis inhibitor	unknown
dideoxyadenosine	nucleoside reverse transcriptase inhibitor	unknown
dienogest	progesterone receptor agonist	PGR
diethylcarbamazine	lipoxygenase inhibitor	ALOX5|PTGS1
diethylstilbestrol	estrogen receptor agonist	ESR1|ESR2|ESRRB|ESRRG
diflunisal	prostanoid receptor antagonist	PTGS1|PTGS2
dihydroergotamine	serotonin receptor agonist	ADRA2A|DRD2|HTR1B|HTR1D|HTR1E|HTR1F|HTR2B|HTR7
diltiazem	calcium channel blocker	CACNA1C|CACNA1S|CACNA2D1|CACNG1|HTR3A|KCNA5
dimesna	tubulin inhibitor	unknown
dinaciclib	cdk inhibitor	CDK1|CDK2|CDK5|CDK9
diphenidol	acetylcholine receptor agonist	CHRM1|CHRM2|CHRM3|CHRM4
dipyridamole	phosphodiesterase inhibitor	ADA|PDE10A|PDE1A|PDE1B|PDE1C|PDE2A|PDE3A|PDE3B|PDE4A|PDE4B|PDE4C|PDE4D|PDE5A|PDE6A|PDE6B|PDE6C|PDE6D|PDE6G|PDE6H|PDE7A|PDE7B|PDE8A|PDE8B|PDE9A|SLC29A1
disopyramide	sodium channel blocker	CHRM1|CHRM2|CHRM3|KCND2|KCND3|KCNH2|SCN5A
dmp-543	acetylcholine release stimulant	unknown
dmp-777	elastase inhibitor	MPO
docetaxel	tubulin inhibitor	BCL2|MAP2|MAP4|MAPT|NR1I2|TUBA1A|TUBA1B|TUBA1C|TUBA3C|TUBA3D|TUBA3E|TUBA4A|TUBB|TUBB1|TUBB2A|TUBB2B|TUBB3|TUBB4A|TUBB4B|TUBB6|TUBB8
dolutegravir	hiv integrase inhibitor	CYP3A4|CYP3A5|CYP3A7|POU2F2|UGT1A1
donepezil	acetylcholinesterase inhibitor	ACHE
donitriptan	serotonin receptor agonist	HTR1A|HTR1B|HTR1D|HTR1E|HTR1F|HTR2A|HTR5A|HTR6
dopamine	dopamine receptor agonist	DBH|DRD1|DRD2|DRD3|DRD4|DRD5|HTR1A|HTR7|SLC6A2|SLC6A3|SLC6A4
doramapimod	p38 mapk inhibitor	MAPK11|MAPK12|MAPK13|MAPK14
dorzolamide	carbonic anhydrase inhibitor	CA1|CA12|CA14|CA2|CA4|CA7
doxapram	potassium channel blocker	unknown
doxazosin	adrenergic receptor antagonist	ADRA1A|ADRA1B|ADRA1D
doxepin	histamine receptor antagonist	HRH1|SLC6A2|SLC6A4
doxifluridine	thymidylate synthase inhibitor	TYMS
doxofylline	adenosine receptor antagonist	ADORA1|PDE4A|PDE4B|PDE4C|PDE4D
doxorubicin	topoisomerase inhibitor	TOP2A
doxycycline-hyclate	bacterial 30s ribosomal subunit inhibitor	CTSS
dpcpx	adenosine receptor antagonist	ADORA1|ADORA2A|ADORA2B|ADORA3
dronedarone	adrenergic receptor antagonist	ADRA1A|ADRA1B|ADRA1D|ADRA2A|ADRA2B|ADRA2C|ADRB1|CACNA1C|CACNA1D|CACNA1F|CACNA1S|CACNB1|CACNB2|CACNB3|CACNB4|KCNA5|KCNH2|KCNK2|SCN1A
droperidol	dopamine receptor antagonist	ADRA1A|DRD2|DRD3|DRD4|HTR2A
drospirenone	mineralocorticoid receptor antagonist	AR|NR3C2|PGR
dutasteride	5 alpha reductase inhibitor	SRD5A1|SRD5A2|SRD5A3
edoxaban	coagulation factor inhibitor	F10
edoxudine	dna directed dna polymerase inhibitor	unknown
efavirenz	hiv protease inhibitor	CYP1A2|CYP2B6|CYP2C19|CYP2C9|CYP2D6|CYP3A4
elesclomol	oxidative stress inducer	HSPA1A
emd-53998	phosphodiesterase inhibitor	TNNC1
emedastine	histamine receptor antagonist	HRH1
emtricitabine	nucleoside reverse transcriptase inhibitor	unknown
enalapril	angiotensin converting enzyme inhibitor	ACE
enoxacin	topoisomerase inhibitor	TOP2A
entinostat	hdac inhibitor	HDAC1|HDAC2|HDAC3|HDAC9
enzalutamide	androgen receptor antagonist	AR
enzastaurin	pkc inhibitor	AKT1|GSK3B|PRKCA|PRKCB|PRKCD|PRKCG
eperezolid	bacterial 30s ribosomal subunit inhibitor	unknown
epinastine	histamine receptor antagonist	HRH1
epirizole	cyclooxygenase inhibitor	PTGS1|PTGS2
epirubicin	topoisomerase inhibitor	TOP2A
epitiostanol	androgen receptor agonist	AR
equol	estrogen receptor agonist	ESR1|ESR2
ercalcitriol	vitamin d receptor agonist	VDR
erlotinib	egfr inhibitor	EGFR|NR1I2
erteberel	estrogen receptor agonist	ESR1|ESR2
erythromycin	nfkb pathway inhibitor	ABCB1|ALB|CYP3A4|CYP51A1|KCNH2|MLNR|SLC47A1
erythromycin	nfkb pathway inhibitor	MLNR
escitalopram	selective serotonin reuptake inhibitor (ssri)	ADRA1A|CHRM1|HRH1|SLC6A2|SLC6A3|SLC6A4
esmolol	adrenergic receptor antagonist	ADRB1
estramustine	dna alkylating drug	ESR1|ESR2|MAP1A|MAP2
estriol	estrogen receptor agonist	ESR1|ESR2
etacrynic-acid	sodium/potassium/chloride transporter inhibitor	ATP1A1|SLC12A1
etanidazole	bacterial cell wall synthesis inhibitor	unknown
etazolate	phosphodiesterase inhibitor	GABRB3|PDE4A
ethylenediaminetetraacetic-acid	pkc inhibitor	unknown
etizolam	benzodiazepine receptor agonist	GABRA1
etodolac	cyclooxygenase inhibitor	PTGS2
etomidate	gaba receptor modulator	ADRA2B|GABRA1|GABRA2|GABRA3|GABRA4|GABRA5|GABRA6|GABRB1|GABRB2|GABRB3|GABRD|GABRE|GABRG1|GABRG2|GABRG3|GABRP|GABRQ
etomoxir	carnitine palmitoyltransferase inhibitor	CPT1A
etoposide	topoisomerase inhibitor	TOP2A|TOP2B
etoricoxib	cyclooxygenase inhibitor	PTGS2
etravirine	non-nucleoside reverse transcriptase inhibitor	CYP2C19|CYP2C9|CYP3A4
eugenol	androgen receptor antagonist	AR
everolimus	mtor inhibitor	MTOR
evp-6124	acetylcholine receptor agonist	CHRNA7
exalamide	membrane permeability inhibitor	unknown
exemestane	aromatase inhibitor	CYP19A1
fadrozole	aromatase inhibitor	CYP11B1|CYP19A1
famciclovir	dna polymerase inhibitor	unknown
famotidine	histamine receptor antagonist	HRH2
fasudil	rho associated kinase inhibitor	PKIA|PRKACA|ROCK1|ROCK2
favipiravir	rna polymerase inhibitor	unknown
fdcyd	dna methyltransferase inhibitor	unknown
febuxostat	xanthine oxidase inhibitor	XDH
felbinac	cyclooxygenase inhibitor	CTSL
felodipine	calcium channel blocker	CFTR
fenobam	glutamate receptor antagonist	GRM5
fenoterol	adrenergic receptor agonist	ADRB2
fenticonazole	bacterial cell wall synthesis inhibitor	unknown
fexofenadine	histamine receptor antagonist	HRH1
fiacitabine	dna synthesis inhibitor	unknown
fidarestat	aldose reductase inhibitor	AKR1B1
fidaxomicin	rna polymerase inhibitor	unknown
filgotinib	jak inhibitor	JAK1|JAK2|JAK3|TYK2
finasteride	5 alpha reductase inhibitor	AKR1D1|SRD5A1|SRD5A2
firategrast	integrin antagonist	ITGA4
fk-888	tachykinin antagonist	TACR1|TACR2
flavoxate	acetylcholine receptor antagonist	CHRM1|CHRM2
flecainide	sodium channel blocker	KCNA5|KCNA7|SCN5A
floxuridine	dna synthesis inhibitor	TYMS
fluconazole	sterol demethylase inhibitor	CYP51A1
fludroxycortide	glucocorticoid receptor agonist	NR3C1|SERPINA6
flumatinib	bcr-abl kinase inhibitor	ABL1|PDGFRB
flumazenil	benzodiazepine receptor antagonist	GABRA1|GABRA2|GABRA3|GABRA4|GABRA5|GABRA6|GABRB1|GABRB2|GABRB3|GABRD|GABRE|GABRG1|GABRG2|GABRG3|GABRP|GABRQ
fluocinonide	glucocorticoid receptor agonist	NR3C1|SERPINA6|SMO
fluorometholone	glucocorticoid receptor agonist	NR3C1
fluoxetine	selective serotonin reuptake inhibitor (ssri)	ANO1|HTR2B|SLC6A4
fluphenazine	dopamine receptor antagonist	CALM1|DRD1|DRD2|DRD5|HRH1|HTR2A|HTR6|HTR7
fluspirilene	dopamine receptor antagonist	CACNG1|DRD2|HRH1|HTR1A|HTR1D|HTR1E|HTR2A
flutamide	androgen receptor antagonist	AHR|AR
fluticasone	glucocorticoid receptor agonist	NR3C1|NR3C2|PGR|PLA2G4A
flutrimazole	sterol demethylase inhibitor	unknown
fluvoxamine	selective serotonin reuptake inhibitor (ssri)	SLC6A4
fomepizole	alcohol dehydrogenase inhibitor	ADH1A|ADH1B|ADH1C|AKR1A1|CAT
foretinib	vegfr inhibitor	FLT1|FLT4|KDR|MET
formestane	aromatase inhibitor	CYP19A1
formoterol	adrenergic receptor agonist	ADRB2
fosfomycin	bacterial cell wall synthesis inhibitor	unknown
fpl-55712	leukotriene receptor antagonist	unknown
ftorafur	thymidylate synthase inhibitor	TYMS
fulvestrant	estrogen receptor antagonist	ESR1|ESR2|GPER1
fusidic-acid	bacterial 30s ribosomal subunit inhibitor	unknown
gabapentin	calcium channel blocker	ADORA1|CACNA1A|CACNA1B|CACNA1C|CACNA1D|CACNA1E|CACNA1F|CACNA1G|CACNA1H|CACNA1I|CACNA1S|CACNA2D1|CACNA2D2|CACNA2D3|CACNA2D4|CACNB1|CACNB2|CACNB3|CACNB4|CACNG1|CACNG2|CACNG3|CACNG4|CACNG5|CACNG6|CACNG7|CACNG8|GRIN1|GRIN2A|GRIN2B|GRIN2C|GRIN2D|GRIN3A|GRIN3B
galeterone	androgen receptor modulator	AR|CYP17A1
ganaxolone	gaba receptor modulator	GABRA1|GABRA2|GABRA3|GABRA4|GABRA5|GABRA6
gatifloxacin	bacterial dna gyrase inhibitor	unknown
gdc-0068	akt inhibitor	AKT1|AKT2|AKT3|PRKG1
gdc-0152	xiap inhibitor	BIRC2|BIRC3|BIRC7|XIAP
gdc-0199	bcl inhibitor	BCL2
gdc-0834	bruton's tyrosine kinase (btk) inhibitor	BTK
gefitinib	egfr inhibitor	EGFR
gemcitabine	ribonucleotide reductase inhibitor	CMPK1|RRM1|RRM2|TYMS
gemifloxacin	bacterial dna gyrase inhibitor	unknown
genz-644282	topoisomerase inhibitor	TOP1
gestrinone	progesterone receptor antagonist	AR|ESR1|PGR
glimepiride	insulin secretagogue	ABCC8|KCNJ1|KCNJ11
glipizide	sulfonylurea	ABCC8|KCNJ10|KCNJ11|PPARG
gliquidone	sulfonylurea	ABCC8|KCNJ10|KCNJ8
glycitein	tumor necrosis factor release inhibitor	TNF
glycopyrrolate	acetylcholine receptor antagonist	CHRM1|CHRM2|CHRM3|CHRM4|CHRM5
golvatinib	vegfr inhibitor	KDR|MET
goserelin-acetate	gonadotropin releasing factor hormone receptor agonist	GNRHR|LHCGR
granisetron	serotonin receptor antagonist	HTR3A
grazoprevir	hcv inhibitor	unknown
griseofulvin	tubulin inhibitor	KRT12
gsk-461364	plk inhibitor	PLK1
gsk1292263	glucose-dependent insulinotropic receptor (gdir, gpr119) agonists	GRPR
gsk2110183	akt inhibitor	AKT1|AKT2|AKT3
gsk256066	phosphodiesterase inhibitor	PDE4A
gsk2636771	pi3k inhibitor	PIK3CB
guanabenz	adrenergic receptor agonist	ADRA2A|ADRA2B|ADRA2C
guanadrel	adrenergic inhibitor	unknown
guanethidine	adrenergic inhibitor	SLC6A2
gw842166	cannabinoid receptor agonist	CNR2
halcinonide	glucocorticoid receptor agonist	NR3C1
haloperidol	dopamine receptor antagonist	DRD1|DRD2|DRD3|DRD4|DRD5|GRIN2B|HRH1|HTR1A|HTR1D|HTR2A|HTR2B|HTR7|KCNH1
hexachlorophene	potassium channel activator	GLUD1|SDHD
histamine	histamine receptor agonist	HRH1|HRH2|HRH3|HRH4
homoharringtonine	protein synthesis inhibitor	RPL3
honokiol	akt inhibitor	ALOX5|PTGS1|PTGS2
hydrocortisone	glucocorticoid receptor agonist	ANXA1|NOS2|NR3C1|NR3C2
hydroxyurea	ribonucleoside reductase inhibitor	RRM1|RRM2|RRM2B
hymecromone	monoamine oxidase inhibitor	MAOA|MAOB
hypericin	tyrosine kinase inhibitor	unknown
ib-meca	adenosine receptor agonist	ADORA1|ADORA2A|ADORA2B|ADORA3
ibuprofen	cyclooxygenase inhibitor	unknown
ibutamoren	growth hormone secretagogue receptor agonist	GHR|GHSR
ici-162846	histamine receptor antagonist	HRH2
ici-185,282	thromboxane receptor antagonist	unknown
ici-192605	thromboxane receptor antagonist	TBXA2R
idalopirdine	serotonin receptor antagonist	HTR6
idelalisib	pi3k inhibitor	PIK3CA|PIK3CB|PIK3CD|PIK3CG
idoxuridin	dna synthesis inhibitor	unknown
ifosfamide	dna alkylating agent	CYP2A6|CYP2B6|CYP2C18|CYP2C19|CYP2C8|CYP2C9|CYP3A4|CYP3A5|CYP3A7|PTGS1
ilomastat	matrix metalloprotease inhibitor	ACAN|ADAM28|MMP1|MMP12|MMP13|MMP14|MMP2|MMP3|MMP8|MMP9
imiloxan	adrenergic receptor antagonist	ADRA2A|ADRA2B
indacaterol	adrenergic receptor agonist	ADRB1|ADRB2
indibulin	tubulin inhibitor	unknown
indinavir	hiv protease inhibitor	CYP3A4|CYP3A5|CYP3A7
indoprofen	cyclooxygenase inhibitor|prostanoid receptor antagonist	CXCR1|CXCR2|PTGS1|PTGS2
indoramin	adrenergic receptor antagonist	ADRA1A|ADRA1B|ADRA1D|ADRA2B|ADRA2C
iniparib	parp inhibitor	PARP1
inosine	neurotrophic agent	PARP1|PNP
inositol	insulin sensitizer	CDIPT
ipratropium	acetylcholine receptor antagonist	CHRM1|CHRM2|CHRM3|CHRM4|CHRM5
irinotecan	topoisomerase inhibitor	TOP1|TOP1MT
isbufylline	phosphodiesterase inhibitor	unknown
isofloxythepin	dopamine receptor antagonist	unknown
isosorbide	nitric oxide stimulant	GUCY1A2|GUCY1A3|GUCY1B2|GUCY1B3
isradipine	calcium channel blocker	CACNA1D|CACNA1F|CACNA2D1
istaroxime	atpase inhibitor	ATP1A1
itopride	dopamine receptor antagonist	CHRM3|DRD2
ivermectin	gaba receptor agonist	CHRNA7|P2RX7
jnj-26854165	hdac inhibitor	HDAC1|HDAC10|HDAC11|HDAC2|HDAC3|HDAC4|HDAC5|HDAC6|HDAC7|HDAC8|HDAC9|MDM2
jnj-38877605	tyrosine kinase inhibitor	MET
jtc-801	opioid receptor antagonist	OPRL1
jte-907	cannabinoid receptor inverse agonist	CNR2
kd-023	acat inhibitor	ACACA|ACACB
kd025	rho associated kinase inhibitor	ROCK2
ketoconazole	sterol demethylase inhibitor	KCNA10
ketoprofen	cyclooxygenase inhibitor	PTGS1|PTGS2|SLC5A8
ketorolac	cyclooxygenase inhibitor	PTGS1|PTGS2
kw-2478	hsp inhibitor	unknown
l-citrulline	nitric oxide stimulant	ASS1|DDAH1|DDAH2|GPRC6A|NOS1|NOS2|NOS3|OTC|PADI1|PADI2|PADI3|PADI4|PADI6
l-ergothioneine	free radical scavenger	unknown
l-name	nitric oxide synthase inhibitor	NOS3
labetalol	adrenergic receptor antagonist	ADRA1D|ADRB1|ADRB2
lafutidine	histamine receptor antagonist	HRH2
lamivudine	nucleoside reverse transcriptase inhibitor	unknown
latanoprost	prostanoid receptor agonist	PTGFR
lcl-161	xiap inhibitor	BIRC2|XIAP
ledipasvir	hcv inhibitor	unknown
lerisetron	serotonin receptor antagonist	HTR3A
lersivirine	non-nucleoside reverse transcriptase inhibitor	unknown
levalbuterol	adrenergic receptor agonist	ADRB2
levamisole	acetylcholine receptor agonist	ALPL
levetiracetam	calcium channel blocker	CACNA1B|SCN1A|SV2A
levobunolol	adrenergic receptor antagonist	ADRB1|ADRB2|ADRB3
levocabastine	histamine receptor antagonist	HRH1|NTSR2
levocetirizine	histamine receptor antagonist	HRH1
levofloxacin	bacterial dna gyrase inhibitor	TOP2A
levomequitazine	histamine receptor antagonist	HRH1
lgx818	raf inhibitor	BRAF
licochalcone-a	topoisomerase inhibitor	PTPN1
lidamidine	adrenergic receptor agonist	unknown
lidocaine	histamine receptor agonist	EGFR|SCN10A|SCN5A|SCN9A
lidoflazine	calcium channel blocker	SCN1A|SCN3A|SLC29A1
linezolid	bacterial 50s ribosomal subunit inhibitor	MAOA|MAOB
linifanib	pdgfr tyrosine kinase receptor inhibitor|vegfr inhibitor	CSF1|CSF1R|FLT1|FLT3|FLT4|KDR|KIT|PDGFRB|RET|TEK
linopirdine	potassium channel blocker	KCNQ2|KCNQ3|KCNQ4|KCNQ5
linsidomine	nitric oxide donor	unknown
liranaftate	fungal squalene epoxidase inhibitor	unknown
lisinopril	angiotensin converting enzyme inhibitor	ACE|ACE2
lobenzarit	immunosuppressant	unknown
lodoxamide	histamine receptor antagonist	unknown
lofexidine	adrenergic receptor agonist	unknown
lomeguatrib	o6-alkylguanine-dna alkyltransferase inhibitor	MGMT
lomerizine	calcium channel blocker	CACNA1B|SCN5A
lonafarnib	farnesyltransferase inhibitor	FNTA|HRAS|KRAS|NRAS
loperamide	opioid receptor agonist	CACNA1A|CALM1|OPRD1|OPRK1|OPRM1|POMC
lopinavir	hiv protease inhibitor	unknown
loratadine	histamine receptor antagonist	HRH1
lorglumide	cck receptor antagonist	CCKAR|CCKBR
losmapimod	p38 mapk inhibitor	MAPK14
loxoprofen	cyclooxygenase inhibitor|prostanoid receptor antagonist	PTGS2
lucitanib	fgfr inhibitor|vegfr inhibitor	FGFR1|FLT1|KDR|KIT|PDGFRA|PDGFRB|RET
luliconazole	sterol demethylase inhibitor	unknown
lupanine	sodium channel blocker	INS
lurasidone	dopamine receptor antagonist|serotonin receptor antagonist	ADRA2A|ADRA2C|DRD2|HTR1A|HTR2A|HTR7
ly215490	glutamate receptor antagonist	GRIA1|GRIA2|GRIA3|GRIA4|GRIK1
ly2228820	p38 mapk inhibitor	MAPK14
ly2784544	jak inhibitor	JAK2|JAK3
ly2811376	beta-secretase inhibitor	BACE1
ly2886721	beta-secretase inhibitor	BACE1
macitentan	endothelin receptor antagonist	EDNRA|EDNRB
malotilate	protein synthesis stimulant	unknown
maprotiline	norepinephrine reputake inhibitor|tricyclic antidepressant	SLC6A2
maraviroc	cc chemokine receptor antagonist	CCR5
marimastat	matrix metalloprotease inhibitor	MMP1|MMP10|MMP11|MMP12|MMP13|MMP14|MMP15|MMP16|MMP17|MMP19|MMP2|MMP20|MMP21|MMP23A|MMP24|MMP25|MMP26|MMP27|MMP28|MMP3|MMP7|MMP8|MMP9
masoprocol	lipoxygenase inhibitor	ALOX5
maxacalcitol	vitamin d receptor agonist	VDR
mcpp	serotonin receptor agonist	HTR1A|HTR1D|HTR1E|HTR2A|HTR2B|HTR2C|HTR6
mdl-73005ef	serotonin receptor antagonist	HTR1A
mebendazole	tubulin inhibitor	TUBA1A|TUBB|TUBB4B
mecamylamine	acetylcholine receptor antagonist	CHRNA1|CHRNA2|CHRNA3|CHRNA4|CHRNA6|CHRNA7|CHRNB4
meclofenamic-acid	cyclooxygenase inhibitor|prostanoid receptor antagonist	ALOX5|CNR1|KCNQ2|KCNQ3|PTGS1|PTGS2
medroxyprogesterone-acetate	progesterone receptor agonist	ESR1|PGR
medrysone	glucocorticoid receptor agonist	NR3C1
meglitinide	potassium channel blocker	CCR2
mek162	mek inhibitor	MAP2K1|MAP2K2
melperone	dopamine receptor antagonist|serotonin receptor antagonist	DRD2|HTR2A
mephentermine	adrenergic receptor agonist	ADRA1A|ADRA1B|ADRA1D|ADRA2A|ADRA2B|ADRA2C|ADRB1|ADRB2|ADRB3
mepyramine	histamine receptor antagonist	HRH1
merbarone	topoisomerase inhibitor	TOP2A
mericitabine	hcv inhibitor	unknown
merimepodib	inosine monophosphate dehydrogenase inhibitor	IMPDH1
mestranol	estrogen receptor agonist	ESR1
mesulergine	dopamine receptor agonist	HTR2A|HTR2B|HTR2C|HTR3A|HTR3B|HTR6|HTR7
metatinib	bcr-abl kinase inhibitor	ABL1|BCR
metenkephalin	immunostimulant	OPRD1
metformin	insulin sensitizer	ACACB|PRKAB1
methazolamide	carbonic anhydrase inhibitor	CA1|CA12|CA14|CA2|CA4|CA7
methimazole	antithyroid agent	TPO
methiopril	angiotensin converting enzyme inhibitor	ACE
methoxsalen	dna synthesis inhibitor	CYP1A1|CYP1A2|CYP2A13|CYP2A6|CYP3A4
methyldopa	adrenergic receptor agonist	ADRA2A|ADRA2B|ADRA2C|DDC
methylnaltrexone	opioid receptor antagonist	OPRD1|OPRK1|OPRM1
methylprednisolone	glucocorticoid receptor agonist	NR3C1
metixene	acetylcholine receptor antagonist	CHRM5
metoclopramide	dopamine receptor antagonist|serotonin receptor antagonist	CHRM1|DRD2|HTR3A|HTR3B|HTR4
metolazone	carbonic anhydrase inhibitor	SLC12A3
metoprolol	adrenergic receptor antagonist	ADRB1|ADRB2
mf-101	estrogen receptor agonist	CYP19A1|XDH
mianserin	serotonin receptor antagonist	ADRA1A|ADRA1B|ADRA1D|HRH1|HRH2|HTR2A|HTR2B|HTR2C|HTR6|HTR7
mibampator	glutamate receptor modulator	GRIA1
mibefradil	t-type calcium channel blocker	ANO1|CACNA1C|CACNA1D|CACNA1F|CACNA1G|CACNA1H|CACNA1I|CACNA1S|CACNB1|CACNB2|CACNB3|CACNB4|CATSPER1|CATSPER2|CATSPER3|CATSPER4
miconazole	bacterial cell wall synthesis inhibitor	TRPM2|TRPV5
midodrine	adrenergic receptor agonist	unknown
miglitol	glucosidase inhibitor	GAA|GANAB|GANC|MGAM
milacemide	monoamine oxidase inhibitor	MAOB
milnacipran	serotonin reuptake inhibitor	SLC6A2|SLC6A4
milrinone	phosphodiesterase inhibitor	PDE2A|PDE3A|PDE3B|PDE5A
minaprine	serotonin reuptake inhibitor	ACHE|CHRM1|DRD1|DRD2|HTR2A|HTR2B|HTR2C|MAOA|SLC6A4
mirodenafil	phosphodiesterase inhibitor	PDE5A
mk-0752	gamma secretase inhibitor	unknown
mk-0773	androgen receptor modulator	AR
mk-0812	cc chemokine receptor antagonist	CCR2
mk-2206	akt inhibitor	AKT1|AKT2|AKT3
mk-2461	fgfr inhibitor|vegfr inhibitor	FGFR1|FGFR2|FGFR3|FLT1|FLT3|FLT4|KDR|MERTK|MET|MST1R|NTRK1|NTRK2|PDGFRB
mk-3207	calcitonin antagonist	CALCA
mk-8033	c-met inhibitor	MET
mln-2238	proteasome inhibitor	unknown
mln0128	mtor inhibitor	MTOR|PIK3CA|PIK3CD|PIK3CG
mln2480	raf inhibitor	unknown
mln9708	proteasome inhibitor	unknown
moclobemide	monoamine oxidase inhibitor	MAOA|MAOB
molindone	dopamine receptor antagonist	DRD2|HRH1|HTR2A
moxifloxacin	bacterial dna gyrase inhibitor	TOP2A
moxisylyte	adrenergic receptor antagonist	unknown
mozavaptan	vasopressin receptor antagonist	AVPR1A|AVPR1B|AVPR2
n6022	alcohol dehydrogenase inhibitor	ADH5
naftidrofuryl	adrenergic receptor antagonist	unknown
naftopidil	adrenergic receptor antagonist	ADRA1A
nalbuphine	opioid receptor agonist|opioid receptor antagonist	OPRD1|OPRK1|OPRM1
naphazoline	adrenergic receptor agonist	ADRA1A|ADRA2A
naproxen	cyclooxygenase inhibitor	PTGS1|PTGS2
narlaprevir	hcv inhibitor	unknown
nateglinide	insulin secretagogue	ABCC8|KCNJ10|KCNJ11|PPARG
navitoclax	bcl inhibitor	BCL2|BCL2L1|BCL2L2
nebivolol	adrenergic receptor antagonist	ADRB1
nefopam	cyclooxygenase inhibitor	unknown
nepafenac	cyclooxygenase inhibitor	PTGS1|PTGS2
neratinib	egfr inhibitor	EGFR|ERBB2|KDR
nesbuvir	rna polymerase inhibitor	unknown
netupitant	tachykinin antagonist	TACR1
nevirapine	reverse transcriptase inhibitor	CYP1A2|CYP2A6|CYP2B6|CYP2C9|CYP2D6|CYP3A4|CYP3A5
nicaraven	free radical scavenger	unknown
nicardipine	calcium channel blocker	ADORA3
nicergoline	adrenergic receptor antagonist	ADRA1A
nicotinamide	protein synthesis stimulant	BST1|LDHA|PARP1|SIRT5
nicotine	acetylcholine receptor agonist	CHAT|CHRNA10|CHRNA2|CHRNA3|CHRNA4|CHRNA5|CHRNA6|CHRNA7|CHRNA9|CHRNB2|CHRNB3|CHRNB4|CYP19A1|TBXAS1|TRPA1
nikethamide	immunostimulant	unknown
nimesulide	cyclooxygenase inhibitor	LTF|PLA2G2E|PTGS1|PTGS2
nimodipine	calcium channel blocker	CFTR|NR3C2
nitrendipine	calcium channel blocker	CACNA1D|CACNA2D1|KCNN4
nms-1286937	plk inhibitor	FLT3|PLK1|PLK2|PLK3
norethindrone	progestogen hormone	PGR
norethisterone	progesterone receptor agonist	PGR
norfloxacin	bacterial dna gyrase inhibitor	TOP2A
norgestrel	progesterone receptor agonist	PGR
nortriptyline	tricyclic antidepressant	ADRA1A|ADRA1B|ADRA1D|ADRA2A|ADRA2B|ADRA2C|ADRB1|ADRB2|ADRB3|CHRM1|CHRM2|CHRM3|CHRM4|CHRM5|DRD2|HRH1|HTR1A|HTR2A|HTR2C|HTR6|KCNJ10|PGRMC1|SIGMAR1|SLC6A2|SLC6A4
novobiocin	bacterial dna gyrase inhibitor	unknown
nsi-189	neurotrophic agent	unknown
nutlin-3	mdm inhibitor	MDM2|TP53
nvp-bez235	mtor inhibitor|pi3k inhibitor	ATR|MTOR|PIK3CA|PIK3CD|PIK3CG
nvp-dpp728	dipeptidyl peptidase inhibitor	DPP4
nxy-059	free radical scavenger	unknown
o6-benzylguanine	o6-alkylguanine-dna alkyltransferase inhibitor	MGMT
odanacatib	cathepsin inhibitor	CTSK
ofloxacin	bacterial dna gyrase inhibitor	TOP2A
oglemilast	phosphodiesterase inhibitor	unknown
olaparib	parp inhibitor	PARP1|PARP2
olmesartan	angiotensin receptor antagonist	AGTR1
omeprazole	atpase inhibitor	ATP4A
ondansetron	serotonin receptor antagonist	HTR3A|HTR3B
oprozomib	proteasome inhibitor	unknown
ore1001	angiotensin converting enzyme inhibitor	ACE2
org-9768	adrenergic receptor antagonist	ADRA2A
orlistat	lipase inhibitor	CNR1|DAGLA|DAGLB|FASN|LIPF|PNLIP
orphenadrine	acetylcholine receptor antagonist	unknown
ostarine	androgen receptor modulator	AR
otamixaban	coagulation factor inhibitor	F10
otilonium	acetylcholine receptor antagonist	CACNA1C
oxaprozin	cyclooxygenase inhibitor	PTGS1|PTGS2
oxatomide	histamine receptor antagonist	HRH1
oxiconazole	bacterial cell wall synthesis inhibitor	unknown
oxiperomide	dopamine receptor antagonist	unknown
oxybenzone	lipase inhibitor	LIPE
oxybutynin	acetylcholine receptor antagonist	CHRM1|CHRM2|CHRM3
oxymetazoline	adrenergic receptor agonist	ADRA1A|ADRA1B|ADRA1D|ADRA2A|ADRA2B|ADRA2C|HTR1B|HTR1D|HTR2C
oxypurinol	xanthine oxidase inhibitor	XDH
ozagrel	thromboxane synthase inhibitor	TBXAS1
pa-824	nitric oxide donor	FASN
paclitaxel	tubulin inhibitor	BCL2|MAP2|MAP4|MAPT|NR1I2|TLR4|TUBA1A|TUBA1B|TUBA1C|TUBA3C|TUBA3D|TUBA3E|TUBA4A|TUBB|TUBB1|TUBB2A|TUBB2B|TUBB3|TUBB4A|TUBB4B|TUBB6|TUBB8
palbociclib	cdk inhibitor	CDK4|CDK6
palmitoylethanolamide	cannabinoid receptor agonist	CNR2|GPR119|GPR55
palonosetron	serotonin receptor antagonist	HTR3A
palovarotene	retinoid receptor agonist	RARG
papaverine	phosphodiesterase inhibitor	PDE10A|PDE4B|PDE5A
paracetamol	cyclooxygenase inhibitor	FAAH|PTGS1|PTGS2|TRPV1
paroxetine	selective serotonin reuptake inhibitor (ssri)	CHRM1|CHRM2|CHRM3|CHRM4|CHRM5|HTR2A|SLC6A2|SLC6A4
pazufloxacin	topoisomerase inhibitor	unknown
pca-4248	platelet activating factor receptor antagonist	PTAFR
pd-184352	mek inhibitor	MAP2K1|MAP3K1|MAP3K2
pd153035	egfr inhibitor	EGFR|KDR
pelitinib	egfr inhibitor	EGFR
penfluridol	t-type calcium channel blocker	CACNA1G
penicillin-v-potassium	bacterial cell wall synthesis inhibitor	unknown
pentoxifylline	phosphodiesterase inhibitor	ADORA1|ADORA2A|ADORA2B|ADRA2B|NT5E|PDE10A|PDE1A|PDE1B|PDE1C|PDE2A|PDE3A|PDE3B|PDE4A|PDE4B|PDE4C|PDE4D|PDE5A|PDE6A|PDE6B|PDE6C|PDE6D|PDE6G|PDE6H|PDE7A|PDE7B|PDE8A|PDE8B|PDE9A|TNF
perhexiline	carnitine palmitoyltransferase inhibitor	CPT1A
pf-02545920	phosphodiesterase inhibitor	PDE10A
pf-03084014	gamma secretase inhibitor	unknown
pf-03814735	aurora kinase inhibitor	AURKA|AURKB
pf-04136309	cc chemokine receptor antagonist	unknown
pf-04217903	c-met inhibitor	MET
pf-04447943	phosphodiesterase inhibitor	PDE9A
pf-04620110	diacylglycerol o acyltransferase inhibitor	DGAT1
pf-04691502	mtor inhibitor|pi3k inhibitor	MTOR|PIK3CA
pf-562271	focal adhesion kinase inhibitor	PTK2|PTK2B
ph-797804	p38 mapk inhibitor	MAPK11|MAPK14
pha-793887	cdk inhibitor	CDK1|CDK2|CDK4|CDK5|CDK7|CDK9
phenazone	cyclooxygenase inhibitor	PTGS1|PTGS2
phenformin	ampk activator	KCNJ8|PRKAA1
phentolamine	adrenergic receptor antagonist	ADRA1A|ADRA1B|ADRA1D|ADRA2A|ADRA2B|ADRA2C
phenylbutazone	cyclooxygenase inhibitor|prostanoid receptor antagonist	PTGIS|PTGS1|PTGS2
phenylbutyrate	hdac inhibitor	HDAC1
phenylephrine	adrenergic receptor agonist	ADRA1A|ADRA1B|ADRA1D
pibenzimol	dna inhibitor	unknown
piclamilast	phosphodiesterase inhibitor	PDE4A|PDE4B|PDE4C|PDE4D
picolinic-acid	chelating agent	unknown
piketoprofen	cyclooxygenase inhibitor	unknown
pilaralisib	pi3k inhibitor	unknown
pilocarpine	acetylcholine receptor agonist	CHRM1|CHRM2|CHRM3|CHRM4|CHRM5
pimecrolimus	calcineurin inhibitor	unknown
pimozide	dopamine receptor antagonist	CACNA1I|CALM1|DRD1|DRD2|DRD3|DRD4|DRD5|HRH1|HTR1A|HTR2A|KCNA10|KCNH2
pinaverium	t-type calcium channel blocker	CACNA1C
pinitol	gamma secretase inhibitor	unknown
pioglitazone	ppar receptor agonist|insulin sensitizer	PPARG|TRPM3
piperidolate	acetylcholine receptor antagonist	CHRM1
pirenzepine	acetylcholine receptor antagonist	CHRM1|CHRM2|CHRM3|CHRM4|CHRM5
pirfenidone	tgf beta receptor inhibitor	FURIN|TNF
piribedil	dopamine receptor agonist	ADRA1A|ADRA2A|ADRA2C|DRD2|DRD3|DRD4|HTR1A|HTR2B
pitavastatin	hmgcr inhibitor	HMGCR
pk-11195	benzodiazepine receptor antagonist	TSPO
pki-179	mtor inhibitor|pi3k inhibitor	MTOR
pramipexole	dopamine receptor agonist	ADRA2A|ADRA2B|ADRA2C|DRD1|DRD2|DRD3|DRD4|DRD5|HTR1A|HTR1B|HTR1D|HTR2A|HTR2B|HTR2C
pranlukast	leukotriene receptor antagonist	CYSLTR1|CYSLTR2|IL5|MUC2|NFKB1|RNASE3|TNF
pravastatin	hmgcr inhibitor	HMGCR|SLCO1B1
prazosin	adrenergic receptor antagonist	ADRA1A|ADRA1B|ADRA1D|ADRA2A|ADRA2B|ADRA2C|KCNH2|KCNH6|KCNH7
prednisone	glucocorticoid receptor agonist	HSD11B1|NR3C1
preladenant	adenosine receptor antagonist	ADORA1|ADORA2A|ADORA2B|ADORA3
primidone	gaba receptor antagonist	CHRNA4|CHRNA7|GABRA1|GABRA2|GABRA3|GABRA4|GABRA5|GABRA6|GABRB1|GABRB2|GABRB3|GABRD|GABRE|GABRG1|GABRG2|GABRG3|GABRP|GABRQ|GRIA2|GRIK2|SCN10A|SCN11A|SCN1A|SCN2A|SCN3A|SCN4A|SCN5A|SCN7A|SCN8A|SCN9A
procainamide	sodium channel blocker	DNMT1|SCN5A
prochlorperazine	dopamine receptor antagonist	DRD1|DRD2|DRD3|DRD4
progesterone	progesterone receptor agonist	CATSPER1|CATSPER2|CATSPER3|CATSPER4|CYP17A1|ESR1|NR3C2|OPRK1|PGR|TRPC5
proglumide	cck receptor antagonist	CCKAR|CCKBR
proguanil	dihydrofolate reductase inhibitor	DHFR
propranolol	adrenergic receptor antagonist	ADRB1|ADRB2
protirelin	thyrotropin releasing hormone receptor agonist	TRHR
protriptyline	tricyclic antidepressant	SLC6A2|SLC6A4
prx-08066	serotonin receptor antagonist	HTR2B
psi-6130	rna polymerase inhibitor	unknown
pyrazinamide	fatty acid synthase inhibitor	FASN
pyrazinoylguanidine	diuretic	unknown
quetiapine	dopamine receptor antagonist|serotonin receptor antagonist	ADRA1A|ADRA1B|ADRA1D|ADRA2A|ADRA2B|ADRA2C|CHRM1|CHRM2|CHRM3|CHRM4|CHRM5|DRD1|DRD2|DRD3|DRD4|DRD5|HRH1|HTR1A|HTR1B|HTR1D|HTR1E|HTR1F|HTR2A|HTR2C|HTR3A|HTR6|HTR7|SLC6A2
quinapril	angiotensin converting enzyme inhibitor	ACE
quinidine	sodium channel blocker	KCNA5|KCNA7|KCNH1|KCNH2|KCNH5|KCNK1|KCNK6|SCN5A|SLC29A4
r547	cdk inhibitor	CDK1|CDK2|CDK4|CDK7
raclopride	dopamine receptor antagonist	DRD2|DRD3|HTR1A
raloxifene	estrogen receptor antagonist|selective estrogen receptor modulator (serm)	ESR1|ESR2
raltegravir	hiv integrase inhibitor	unknown
ramatroban	prostanoid receptor antagonist	PTGDR2|TBXA2R
ramipril	angiotensin converting enzyme inhibitor	ACE
ranolazine	sodium channel blocker	SCN10A|SCN9A
rasagiline	monoamine oxidase inhibitor	BCL2|MAOB
rebamipide	free radical scavenger	FPR1
refametinib	mek inhibitor	MAP2K1|MAP2K2
regadenoson	adenosine receptor agonist	ADORA1|ADORA2A|ADORA2B|ADORA3
relcovaptan	vasopressin receptor antagonist	AVPR1A|AVPR1B|AVPR2|OXTR
repaglinide	insulin secretagogue	ABCC8|KCNJ11|PPARG
reparixin	cc chemokine receptor antagonist	CXCR1|CXCR2
reserpine	vesicular monoamine transporter inhibitor	SLC18A1|SLC18A2
resminostat	hdac inhibitor	HDAC1|HDAC3|HDAC6|HDAC8
retapamulin	protein synthesis inhibitor	unknown
rg-7388	mdm inhibitor	MDM2|TP53
rg2833	hdac inhibitor	HDAC1|HDAC3
rg4733	gamma secretase inhibitor	PSEN1
ribavirin	antiviral	ADK|ENPP1|IMPDH1|IMPDH2|NT5C2
rifaximin	rna synthesis inhibitor	unknown
rilpivirine	non-nucleoside reverse transcriptase inhibitor	NR1I2|SCN10A
rimcazole	sigma receptor antagonist	SIGMAR1
rimexolone	glucocorticoid receptor agonist	NR3C1|SERPINA6
rimonabant	cannabinoid receptor antagonist	CNR1|GPR55
ripasudil	rho associated kinase inhibitor	ROCK1|ROCK2
risperidone	dopamine receptor antagonist|serotonin receptor antagonist	ADRA1A|ADRA1B|ADRA1D|ADRA2A|ADRA2B|ADRA2C|DRD1|DRD2|DRD3|DRD4|HRH1|HTR1A|HTR1B|HTR1D|HTR1E|HTR1F|HTR2A|HTR2C|HTR6|HTR7
ritodrine	adrenergic receptor agonist	unknown
rivaroxaban	coagulation factor inhibitor	F10
rizatriptan	serotonin receptor agonist	HTR1A|HTR1B|HTR1D|HTR1E|HTR1F
ro-4987655	mek inhibitor	MAP2K1
rociletinib	egfr inhibitor	EGFR
rocuronium	acetylcholine receptor antagonist	CHRM2|CHRNA2|HTR3A
roflumilast	phosphodiesterase inhibitor	PDE4A|PDE4B|PDE4C|PDE4D
rolipram	phosphodiesterase inhibitor	PDE4A|PDE4B|PDE4C|PDE4D|PDE5A
romidepsin	hdac inhibitor	HDAC1|HDAC2|HDAC3|HDAC4|HDAC5|HDAC6|HDAC7|HDAC8|HDAC9
ropinirole	dopamine receptor agonist	ADRA2A|ADRA2B|ADRA2C|DRD1|DRD2|DRD3|DRD4|DRD5|HTR1A|HTR1B|HTR1D|HTR2A|HTR2B|HTR2C
roscovitine	cdk inhibitor	CDK2|CDK9
rosiglitazone	ppar receptor agonist|insulin sensitizer	FFAR1|PPARG|TRPC5|TRPM3
rosuvastatin	hmgcr inhibitor	HMGCR
rotigotine	dopamine receptor agonist	ADRA2B|DRD1|DRD2|DRD3|DRD4|DRD5|HTR1A
rotundine	serotonin receptor agonist	DRD1|DRD2|DRD3|HTR1A
roxithromycin	bacterial 50s ribosomal subunit inhibitor	MLNR
rs-127445	serotonin receptor antagonist	HTR2A|HTR2B|HTR2C
ru-58841	androgen receptor antagonist	AR
rucinol	tyrosinase inhibitor	TYR
s18986	glutamate receptor modulator	GRIA1|GRIA2|GRIA3|GRIA4
salvinorin-a	opioid receptor agonist	OPRD1|OPRK1|OPRM1
saquinavir	hiv protease inhibitor	CYP3A4
sasapyrine	nfkb pathway inhibitor	PTGS1|PTGS2
saxagliptin	dipeptidyl peptidase inhibitor	DPP4
sb-683698	integrin antagonist	ITGA4|ITGAV|ITGB1|ITGB7
sb-705498	trpv antagonist	TRPV1
sb-939	hdac inhibitor	HDAC1|HDAC10|HDAC2|HDAC3|HDAC4|HDAC5|HDAC6|HDAC9
sc-12267	dihydroorotate dehydrogenase inhibitor	IL17A
sch-28080	atpase inhibitor	ATP4A
scopolamine	acetylcholine receptor antagonist	CHRM1|CHRM2|CHRM3|CHRM4|CHRM5|SI
sdz-nkt-343	tachykinin antagonist	TACR1
selegiline	monoamine oxidase inhibitor	MAOA|MAOB
selumetinib	mek inhibitor	MAP2K1
semagacestat	gamma secretase inhibitor	PSEN1
semaxanib	vegfr inhibitor	FGFR1|FLT1|KDR|KIT|PDGFRA|PDGFRB|RET
seocalcitol	vitamin d receptor agonist	VDR
sertaconazole	sterol demethylase inhibitor	unknown
sertindole	dopamine receptor antagonist|serotonin receptor antagonist	ADRA1A|ADRA1B|ADRA1D|DRD2|DRD3|DRD4|HRH1|HTR1A|HTR1B|HTR1D|HTR1E|HTR1F|HTR2A|HTR2C|HTR6|KCNH2
sertraline	serotonin receptor antagonist	SLC6A3|SLC6A4
setiptiline	adrenergic receptor antagonist	HRH1|HTR2A|HTR2C
sgi-1776	pim kinase inhibitor	FLT3|PIM1|PIM2|PIM3
siguazodan	phosphodiesterase inhibitor	PDE3A
sildenafil	phosphodiesterase inhibitor	PDE5A|PDE6G|PDE6H|SLCO1B1|SLCO1B3
simeprevir	hcv inhibitor	CYP1A2|CYP3A4
simvastatin	hmgcr inhibitor	HMGCR|ITGB2
sirolimus	mtor inhibitor	FKBP1A|MTOR
snx-2112	hsp inhibitor	unknown
sofosbuvir	rna polymerase inhibitor	unknown
solifenacin-succinate	acetylcholine receptor antagonist	CHRM1|CHRM2|CHRM3|CHRM4|CHRM5
sorbinil	aldose reductase inhibitor	AKR1B1
sorbitol	mucolytic agent	unknown
sotalol	adrenergic receptor antagonist	ADRB1|ADRB2|KCNH2
sotrastaurin	pkc inhibitor	PRKCA|PRKCB|PRKCD|PRKCE|PRKCH|PRKCQ
sparfloxacin	bacterial dna gyrase inhibitor	TOP2A
spironolactone	mineralocorticoid receptor antagonist	AR|CACNA1A|CACNA1B|CACNA1C|CACNA1D|CACNA1F|CACNA1G|CACNA1H|CACNA1I|CACNA1S|CACNA2D1|CACNA2D2|CACNA2D3|CACNB1|CACNB2|CACNB3|CACNB4|CACNG1|CYP11B2|NR3C1|NR3C2|PGR|SHBG
sr-2640	leukotriene receptor antagonist	CYSLTR1
sr-27897	cck receptor antagonist	CCKAR
sr-33805	calcium channel blocker	unknown
sr-57227a	serotonin receptor agonist	HTR3A
su014813	pdgfr tyrosine kinase receptor inhibitor|vegfr inhibitor	KDR
sulbactam	beta lactamase inhibitor	unknown
sulbutiamine	acetylcholine receptor antagonist	unknown
sulfafurazole	bacterial antifolate	unknown
sumatriptan	serotonin receptor agonist	HTR1A|HTR1B|HTR1D|HTR1E|HTR1F|HTR5A|HTR6|HTR7
suprofen	cyclooxygenase inhibitor	PTGS1|PTGS2
tacalcitol	vitamin d receptor agonist	VDR
tacedinaline	hdac inhibitor	HDAC1
tacrine	acetylcholinesterase inhibitor	ACHE|BCHE
tacrolimus	calcineurin inhibitor	FKBP1A
tadalafil	phosphodiesterase inhibitor	PDE11A|PDE5A
tak-285	egfr inhibitor	ERBB2
tak-715	p38 mapk inhibitor	MAPK14
tak-733	mek inhibitor	MAP2K1
tak-875	insulin secretagogue	FFAR1
talazoparib	parp inhibitor	PARP2
talinolol	adrenergic receptor antagonist	ADRB1
talmapimod	p38 mapk inhibitor	IL1B|MAPK11|MAPK14|MT-CO2|TNF
talnetant	tachykinin antagonist	TACR2|TACR3
taltirelin	thyrotropin releasing hormone receptor agonist	TRHR
tamibarotene	retinoid receptor agonist	RARA|RARB
tamoxifen	estrogen receptor antagonist|selective estrogen receptor modulator (serm)	EBP|ESR1|ESR2|GPER1|PRKCA|PRKCB|PRKCD|PRKCE|PRKCG|PRKCI|PRKCQ|PRKCZ
tamsulosin	adrenergic receptor antagonist	ADRA1A|ADRA1B|ADRA1D
tanaproget	progesterone receptor agonist	PGR
taranabant	cannabinoid receptor inverse agonist	CNR1
targinine	nitric oxide synthase inhibitor	NOS3
tas-103	topoisomerase inhibitor	TOP1
taselisib	pi3k inhibitor	PIK3CA
tazobactam	beta lactamase inhibitor	unknown
tebipenem	bacterial cell wall synthesis inhibitor	CNR1
tecastemizole	histamine receptor antagonist	KCNH2
tedizolid	bacterial 50s ribosomal subunit inhibitor	unknown
telbivudine	dna polymerase inhibitor	unknown
telcagepant	calcitonin antagonist	CALCRL|RAMP1
telmesteine	mucolytic agent	unknown
telmisartan	angiotensin receptor antagonist	AGTR1|PPARG
temozolomide	dna alkylating drug	MGMT
temsirolimus	mtor inhibitor	MTOR
teneligliptin	dipeptidyl peptidase inhibitor	DPP4
tenidap	cyclooxygenase inhibitor	KCNJ4|PTGS1
terbinafine	fungal squalene epoxidase inhibitor	SQLE
teroxirone	dna inhibitor	unknown
tetrabenazine	vesicular monoamine transporter inhibitor	SLC18A1|SLC18A2
tetrindole	monoamine oxidase inhibitor	MAOA
tg100-115	pi3k inhibitor	PIK3CA|PIK3CB|PIK3CD|PIK3CG
theobromine	phosphodiesterase inhibitor	ADORA1|ADORA2A|PDE4B
theophylline	adenosine receptor antagonist	ADORA1|ADORA2A|ADORA2B|ADORA3|HDAC2|PDE3A|PDE3B|PDE4A|PDE4B|PDE4C|PDE4D|PDE5A
thiocolchicoside	gaba receptor antagonist	GABRA1|GABRB2|GABRG2|GLRA1|GLRB
thioguanine	purine antagonist	IMPDH1|IMPDH2
thioridazine	dopamine receptor antagonist	DRD1|DRD2|DRD3|DRD4|DRD5|HRH1|HTR1A|HTR2A|HTR2C|HTR6|HTR7
thiothixene	dopamine receptor antagonist	DRD1|DRD2|HRH1|HTR2A
thm-i-94	hdac inhibitor	HDAC1|HDAC2|HDAC3|HDAC6
tiapride	dopamine receptor antagonist	DRD2|DRD3
ticagrelor	purinergic receptor antagonist	P2RY12
ticlopidine	purinergic receptor antagonist	P2RY12
timolol	adrenergic receptor antagonist	ADRB1|ADRB2
tioconazole	sterol demethylase inhibitor	unknown
tioguanine	purine antagonist	unknown
tipifarnib-p2	farnesyltransferase inhibitor	FNTA|FNTB
tivantinib	tyrosine kinase inhibitor	MET
tivozanib	vegfr inhibitor	FLT1|FLT4|KDR|KIT|PDGFRA|PDGFRB
tizanidine	adrenergic receptor agonist	ADRA2A|ADRA2B|ADRA2C|NISCH
tobramycin	bacterial 30s ribosomal subunit inhibitor	unknown
tofacitinib	jak inhibitor	JAK1|JAK2|JAK3
tolazamide	atp channel blocker	ABCC8|KCNJ1|KCNJ10|KCNJ11
tolbutamide	atp channel blocker	ABCC8|KCNJ1|KCNJ11|KCNJ8
tolnaftate	fungal squalene epoxidase inhibitor	unknown
tolvaptan	vasopressin receptor antagonist	AVPR1A|AVPR2
torcitabine	dna polymerase inhibitor	DCK|TK2
tracazolate	gaba receptor modulator	GABRA1
tranilast	angiogenesis inhibitor	HPGDS|HRH1
travoprost	prostanoid receptor agonist	PTGFR
triamcinolone	glucocorticoid receptor agonist	NR3C1
triamterene	sodium channel blocker	SCNN1A|SCNN1B|SCNN1D|SCNN1G
triclabendazole	microtubule inhibitor	DNMT1
triflupromazine	dopamine receptor antagonist	CHRM1|CHRM2|DRD1|DRD2|HTR2B
trimebutine	opioid receptor agonist	OPRD1|OPRK1|OPRM1
trimethoprim	dihydrofolate reductase inhibitor	DHFR|TYMS
trimipramine	norepinephrine reputake inhibitor|tricyclic antidepressant	SLC6A2|SLC6A3|SLC6A4
triptorelin	gonadotropin releasing factor hormone receptor agonist	GNRHR
troglitazone	ppar receptor agonist|insulin sensitizer	CYP2C8|PPARG|TRPM3
trovafloxacin	bacterial dna gyrase inhibitor	TOP2A
ttnpb	retinoid receptor agonist	RARA|RARB|RARG
ulipristal	progesterone receptor antagonist	PGR
umeclidinium	acetylcholine receptor antagonist	CHRM1|CHRM2|CHRM3
urapidil	adrenergic receptor antagonist	HTR1A
ursodeoxycholyltaurine	cholesterol inhibitor	unknown
valdecoxib	cyclooxygenase inhibitor	CA12|PTGS2
valproic-acid	hdac inhibitor	ABAT|ACADSB|ALDH5A1|HDAC1|HDAC2|HDAC9|OGDH|SCN10A|SCN11A|SCN1A|SCN1B|SCN2A|SCN2B|SCN3A|SCN3B|SCN4A|SCN4B|SCN5A|SCN7A|SCN8A|SCN9A
valsartan	angiotensin receptor antagonist	AGTR1
vanoxerine	dopamine uptake inhibitor	SLC6A3
vardenafil	phosphodiesterase inhibitor	PDE5A|PDE6G|PDE6H
varenicline	acetylcholine receptor agonist	CHRNA3|CHRNA4|CHRNA6|CHRNA7
veliparib	parp inhibitor	PARP1|PARP2
vemurafenib	raf inhibitor	BRAF|RAF1
verapamil	calcium channel blocker	CACNA1A|CACNA1B|CACNA1C|CACNA1D|CACNA1F|CACNA1G|CACNA1I|CACNA1S|CACNB1|CACNB2|CACNB3|CACNB4|CYP3A4|KCNA10|KCNA7|KCNH2|KCNJ11|NALCN|SCN5A|SLC29A4|SLC6A4
vicriviroc	cc chemokine receptor antagonist	CCR5
vidarabine	antiviral	ADORA1|ADORA2A|ADORA2B|ADORA3|PI4K2A|PI4K2B|TRPM4
vilazodone	serotonin reuptake inhibitor	DRD2|DRD3|HRH1|HTR1A|HTR4|SLC6A4
voglibose	glucosidase inhibitor	MGAM
volasertib	plk inhibitor	PLK1
voreloxin	topoisomerase inhibitor	TOP2A
voriconazole	cytochrome p450 inhibitor	CYP2C19|CYP2C9|CYP3A4|CYP3A5|PTGS1
vortioxetine	serotonin receptor agonist|serotonin receptor antagonist	HTR1A|HTR1B|HTR2A|HTR2C|HTR3A|HTR5A|HTR6|HTR7|SLC6A4
voxtalisib	mtor inhibitor|pi3k inhibitor	MTOR|PIK3CA
vt-464	cytochrome p450 inhibitor	CYP17A1
vx-222	hcv inhibitor	unknown
vx-661	cftr channel agonist	unknown
vx-809	cftr channel agonist	CFTR
xaliproden	serotonin receptor agonist	HTR1A
xl-147	pi3k inhibitor	PIK3CA|PIK3CD|PIK3CG
xl888	hsp inhibitor	unknown
y-26763	potassium channel activator	KCNJ8
y-27152	potassium channel activator	KCNJ8
y-39983	rho associated kinase inhibitor	ROCK1|ROCK2
yohimbine	adrenergic receptor antagonist	ADRA2A|ADRA2B|ADRA2C|HTR1B|HTR1D|HTR1E|HTR2B
zafirlukast	leukotriene receptor antagonist	CYSLTR1|CYSLTR2
zalcitabine	nucleoside reverse transcriptase inhibitor	unknown
zaldaride	calmodulin antagonist	CALM1
zaprinast	phosphodiesterase inhibitor	GPR35|PDE1A|PDE4D|PDE5A|PDE9A
zardaverine	phosphodiesterase inhibitor	PDE4D
zd-7114	adrenergic receptor agonist	ADRB3
zidovudine	reverse transcriptase inhibitor	TERT
ziprasidone	dopamine receptor antagonist|serotonin receptor antagonist	ADRA1A|ADRA1B|ADRA2A|ADRA2B|ADRA2C|CHRM1|CHRM2|CHRM3|CHRM4|CHRM5|DRD1|DRD2|DRD3|DRD4|DRD5|HRH1|HTR1A|HTR1B|HTR1D|HTR1E|HTR2A|HTR2C|HTR3A|HTR6|HTR7|SLC6A4
zk-93423	benzodiazepine receptor agonist	GABRA1|GABRA2|GABRA3|GABRA5|GABRB2|GABRG2
zk-93426	benzodiazepine receptor antagonist	GABRA1|GABRA2|GABRA3|GABRA5
zk811752	cc chemokine receptor antagonist	CCR1
zofenopril-calcium	angiotensin converting enzyme inhibitor	ACE
